date,segment_id,orders,avg_ticket_usd,food_attach_rate_pct,prep_minutes,handoff_wait_minutes,delivery_minutes,under_25_min_sla_pct,order_accuracy_pct,refund_rate_pct,customer_contact_rate_pct,partner_cancel_rate_pct,capacity_utilization_pct,sentiment_score
2026-01-05,SEG01,1153,21.33,55.1,9.0,5.3,10.5,76.1,97.2,0.59,1.42,0.6,94.5,76.5
2026-01-05,SEG02,763,18.89,53.1,9.8,4.7,10.7,74.4,96.9,0.69,1.44,0.49,85.6,63.2
2026-01-05,SEG03,771,19.68,64.1,11.5,4.3,12.6,56.6,96.0,1.32,2.13,0.25,80.8,55.1
2026-01-05,SEG04,972,18.68,40.4,8.5,5.8,11.0,73.3,96.3,0.91,1.59,0.72,83.4,65.1
2026-01-05,SEG05,638,19.65,39.7,7.5,6.2,9.6,85.4,96.6,0.67,0.99,0.79,82.6,59.9
2026-01-05,SEG06,473,16.37,38.5,8.8,4.6,14.9,56.5,97.3,0.97,2.01,0.54,68.8,59.5
2026-01-05,SEG07,585,20.88,24.7,7.9,3.1,8.1,98.5,94.1,1.23,0.85,0.43,72.3,60.3
2026-01-05,SEG08,828,19.21,35.3,11.5,4.6,10.0,68.8,95.2,1.24,1.85,0.35,88.6,58.7
2026-01-05,SEG09,288,19.52,19.9,7.1,2.9,9.6,98.5,99.3,0.24,0.36,0.31,51.7,85.6
2026-01-05,SEG10,434,19.11,47.4,10.0,3.8,13.7,63.9,97.3,0.85,1.77,0.38,78.4,49.3
2026-01-06,SEG01,1114,18.64,45.4,9.7,2.4,11.3,85.1,96.6,0.7,1.18,0.28,86.4,71.5
2026-01-06,SEG02,822,20.14,50.7,7.6,3.8,12.7,83.1,97.0,0.67,1.0,0.35,92.3,68.1
2026-01-06,SEG03,978,16.84,69.3,12.1,4.5,12.6,54,95.0,1.56,2.36,0.38,72.8,60.5
2026-01-06,SEG04,1034,18.72,41.8,9.7,3.9,11.5,74.8,95.7,0.94,1.5,0.34,86.2,61.9
2026-01-06,SEG05,609,20.71,38.9,7.2,5.3,9.7,94.2,98.9,0.32,0.57,0.74,62.3,61.7
2026-01-06,SEG06,498,16.13,39.4,7.2,5.9,14.4,64.7,98.5,0.73,1.56,0.77,76.5,64.7
2026-01-06,SEG07,555,20.0,27.9,6.5,3.6,9.9,98.5,95.4,0.86,0.61,0.39,69.6,66.6
2026-01-06,SEG08,903,18.26,33.6,11.4,5.8,12.2,54,95.0,1.49,2.35,0.68,93.5,60.5
2026-01-06,SEG09,293,18.89,26.5,7.2,3.2,11.4,95.8,99.4,0.31,0.27,0.36,60.3,85.2
2026-01-06,SEG10,453,18.26,46.8,9.0,5.9,12.7,58.9,97.0,1.05,1.93,1.01,76.4,61.2
2026-01-07,SEG01,1254,21.47,43.7,9.4,3.0,10.3,93.2,97.1,0.66,0.79,0.39,87.9,67.0
2026-01-07,SEG02,854,20.23,51.7,8.6,3.2,10.4,91.1,98.5,0.45,0.73,0.32,83.4,67.5
2026-01-07,SEG03,858,19.05,67.6,11.4,1.9,11.4,82.3,94.5,1.02,1.41,0.3,75.9,66.5
2026-01-07,SEG04,929,19.21,35.1,9.9,6.3,12.0,62.2,97.3,0.9,1.87,0.96,91.5,61.8
2026-01-07,SEG05,588,17.32,42.0,9.4,6.1,12.2,63.0,95.6,1.3,1.93,0.7,76.0,65.5
2026-01-07,SEG06,446,19.6,42.8,7.4,5.2,13.1,73.4,97.6,0.61,1.45,0.6,59.0,65.5
2026-01-07,SEG07,639,22.8,29.9,10.2,3.2,9.8,88.0,93.8,1.24,1.43,0.41,74.2,67.4
2026-01-07,SEG08,806,19.44,35.4,11.0,6.3,10.5,63.4,95.0,1.33,1.97,0.75,99,60.6
2026-01-07,SEG09,291,20.03,26.5,6.6,5.0,9.3,98.5,99.1,0.35,0.34,0.63,45.9,78.8
2026-01-07,SEG10,421,17.46,44.8,9.7,5.0,13.5,60.5,97.2,0.93,1.87,0.57,84.4,46.3
2026-01-08,SEG01,1141,19.24,45.8,9.6,6.2,11.9,62.9,96.7,1.01,1.83,0.8,86.6,71.3
2026-01-08,SEG02,747,19.84,52.8,8.9,3.6,10.7,85.4,98.1,0.56,0.92,0.31,84.8,81.3
2026-01-08,SEG03,825,19.19,66.4,10.6,3.2,12.4,66.9,96.2,1.0,1.75,0.39,75.1,67.2
2026-01-08,SEG04,1017,18.26,36.9,9.3,4.3,11.8,75.3,96.6,0.74,1.49,0.49,92.8,61.1
2026-01-08,SEG05,568,20.85,44.9,8.9,8.2,11.3,56.2,97.5,0.98,2.04,1.44,66.6,57.7
2026-01-08,SEG06,437,18.81,36.3,7.6,3.5,13.3,83.9,97.4,0.64,1.1,0.49,65.8,60.3
2026-01-08,SEG07,562,18.78,36.7,7.8,2.4,9.3,98.5,95.1,1.08,0.73,0.26,67.5,67.4
2026-01-08,SEG08,1187,18.56,37.4,11.7,6.1,11.1,54,96.5,1.17,2.1,0.85,92.6,55.8
2026-01-08,SEG09,288,19.61,22.0,7.5,2.2,10.8,98.5,98.2,0.45,0.46,0.24,61.9,86.2
2026-01-08,SEG10,410,19.87,39.7,9.3,4.3,12.3,74.8,95.8,1.08,1.39,0.41,75.7,65.2
2026-01-09,SEG01,1105,20.2,53.2,8.9,4.1,12.6,72.6,96.6,0.8,1.54,0.39,86.0,71.9
2026-01-09,SEG02,772,21.53,57.6,9.0,3.3,11.6,82.9,99.4,0.26,0.88,0.25,87.2,68.9
2026-01-09,SEG03,792,16.77,66.7,10.9,4.3,12.3,63.3,95.3,1.25,1.97,0.5,64.9,56.6
2026-01-09,SEG04,1081,19.93,40.0,9.1,5.3,10.5,76.9,96.7,0.72,1.32,0.64,97.1,69.2
2026-01-09,SEG05,656,17.12,41.5,9.7,7.3,9.6,66.1,97.2,0.78,1.69,1.05,61.0,65.5
2026-01-09,SEG06,446,18.79,38.5,7.0,4.9,13.2,76.6,98.1,0.56,1.24,0.6,75.1,62.9
2026-01-09,SEG07,589,21.27,31.2,8.3,1.8,8.8,98.5,94.4,1.14,0.79,0.3,65.2,63.0
2026-01-09,SEG08,1142,19.26,40.7,11.0,5.6,12.0,57.0,94.6,1.6,2.25,0.72,94.5,53.0
2026-01-09,SEG09,307,17.9,35.5,6.1,2.1,8.7,98.5,98.6,0.37,0.42,0.2,55.0,72.7
2026-01-09,SEG10,396,17.78,39.9,11.1,6.0,12.7,54,97.0,1.23,2.05,0.62,77.2,55.4
2026-01-10,SEG01,795,18.14,49.0,9.1,5.6,11.6,70.3,96.1,0.98,1.55,0.66,85.6,69.6
2026-01-10,SEG02,545,21.71,49.0,8.7,4.3,10.7,85.4,96.6,0.77,0.99,0.46,88.7,61.7
2026-01-10,SEG03,622,20.3,65.8,11.4,4.6,10.8,67.0,95.8,1.06,1.78,0.29,82.3,66.1
2026-01-10,SEG04,719,18.38,40.6,9.4,4.1,11.4,76.2,95.9,0.88,1.53,0.39,86.9,68.4
2026-01-10,SEG05,494,18.85,39.1,6.8,6.1,8.7,93.3,97.0,0.64,0.74,0.71,65.1,65.8
2026-01-10,SEG06,419,19.04,34.9,7.2,5.6,12.7,72.9,97.7,0.68,1.34,0.77,71.2,58.3
2026-01-10,SEG07,459,19.53,24.7,8.7,2.3,10.6,98.1,95.2,1.0,0.68,0.17,73.2,64.6
2026-01-10,SEG08,639,19.42,31.7,11.5,5.5,12.3,54,94.8,1.55,2.3,0.97,94.6,49.3
2026-01-10,SEG09,245,18.36,27.0,5.5,2.8,9.4,97.8,98.6,0.38,0.39,0.35,52.2,87.6
2026-01-10,SEG10,341,16.75,41.0,8.8,4.5,12.5,73.1,96.9,0.71,1.45,0.49,87.7,54.0
2026-01-11,SEG01,833,17.33,45.2,9.4,5.5,9.5,82.4,96.6,0.75,1.29,0.85,90.7,66.7
2026-01-11,SEG02,581,21.78,51.9,7.6,3.5,12.0,89.3,98.1,0.41,0.7,0.42,78.3,68.1
2026-01-11,SEG03,668,16.54,66.3,11.5,2.3,13.2,68.0,96.4,1.0,1.67,0.26,76.9,57.0
2026-01-11,SEG04,709,20.17,39.5,9.9,4.9,10.3,74.2,95.9,0.85,1.47,0.57,85.7,68.7
2026-01-11,SEG05,456,18.4,45.1,7.2,6.4,9.7,88.6,95.9,0.91,1.08,1.0,76.5,55.2
2026-01-11,SEG06,395,19.22,38.5,8.3,4.5,14.4,60.0,97.5,0.86,1.87,0.4,76.7,62.1
2026-01-11,SEG07,473,23.31,28.3,8.5,2.1,10.0,98.5,94.5,1.11,0.87,0.5,72.0,58.7
2026-01-11,SEG08,600,20.81,42.4,11.1,5.9,11.8,56.4,97.1,1.13,1.99,0.78,96.4,53.8
2026-01-11,SEG09,209,19.5,33.0,6.2,1.2,9.7,98.0,97.2,0.7,0.56,0.3,47.4,82.1
2026-01-11,SEG10,350,19.1,46.4,8.9,4.7,14.5,60.1,97.2,1.04,2.03,0.49,86.3,43.8
2026-01-12,SEG01,1081,18.74,44.6,8.9,3.2,9.8,92.6,96.4,0.81,0.87,0.43,99,75.9
2026-01-12,SEG02,776,20.39,49.0,8.7,4.5,11.6,81.3,97.4,0.6,1.12,0.45,69.3,70.7
2026-01-12,SEG03,845,18.6,63.8,11.1,4.2,12.3,63.3,94.2,1.43,2.04,0.27,75.7,55.1
2026-01-12,SEG04,1092,19.1,43.9,7.8,5.5,11.1,81.7,96.9,0.66,1.3,0.78,89.0,60.9
2026-01-12,SEG05,722,19.37,42.3,8.4,6.5,11.2,74.5,96.0,1.0,1.6,0.82,67.5,64.6
2026-01-12,SEG06,429,20.35,39.6,8.1,4.2,14.1,71.7,97.6,0.8,1.35,0.38,62.0,65.3
2026-01-12,SEG07,589,21.88,30.3,9.0,3.0,10.0,94.1,94.6,1.05,1.01,0.35,74.5,61.6
2026-01-12,SEG08,842,19.57,31.0,10.9,5.3,12.4,56.3,96.1,1.26,2.07,0.56,93.2,52.7
2026-01-12,SEG09,277,18.25,20.9,8.2,2.5,9.8,98.5,99.4,0.29,0.31,0.3,63.5,85.0
2026-01-12,SEG10,442,18.41,45.0,8.7,5.3,12.0,69.9,97.9,0.66,1.52,0.55,78.2,60.6
2026-01-13,SEG01,1107,19.15,44.9,9.0,4.7,8.3,97.2,97.4,0.54,0.48,0.59,84.1,65.3
2026-01-13,SEG02,794,20.42,56.5,8.4,3.6,9.7,95.5,97.6,0.54,0.62,0.42,74.5,82.7
2026-01-13,SEG03,759,17.42,75.8,10.1,3.0,10.6,86.4,96.8,0.78,0.95,0.28,79.5,66.9
2026-01-13,SEG04,1191,18.13,37.8,11.4,5.0,10.5,65.6,95.1,1.31,1.9,0.45,99,62.3
2026-01-13,SEG05,666,19.7,41.2,8.4,6.4,11.4,68.9,95.7,1.13,1.71,0.94,67.9,58.5
2026-01-13,SEG06,463,18.33,38.8,7.9,3.5,13.6,76.2,96.9,0.72,1.32,0.4,74.2,67.3
2026-01-13,SEG07,573,19.88,33.2,9.7,3.1,10.7,87.0,95.8,0.89,1.07,0.3,77.2,62.3
2026-01-13,SEG08,881,19.75,41.1,10.6,5.3,11.1,66.2,95.1,1.29,1.88,0.71,89.9,57.1
2026-01-13,SEG09,307,19.1,33.8,6.6,1.5,12.1,98.5,97.7,0.57,0.44,0.15,54.1,79.3
2026-01-13,SEG10,418,18.54,43.2,8.5,6.3,11.8,72.6,96.6,0.81,1.54,0.82,76.6,66.5
2026-01-14,SEG01,1208,19.45,48.0,9.9,3.9,12.6,66.5,97.5,0.81,1.68,0.45,86.7,67.8
2026-01-14,SEG02,793,23.45,52.0,8.2,2.8,12.8,80.8,97.4,0.58,1.05,0.31,68.9,72.1
2026-01-14,SEG03,779,20.48,67.2,10.2,3.6,12.6,66.9,96.6,0.93,1.62,0.34,65.9,65.9
2026-01-14,SEG04,924,18.52,42.6,8.6,5.3,11.6,72.4,96.2,0.92,1.48,0.67,76.0,60.9
2026-01-14,SEG05,670,19.3,44.7,7.4,6.6,11.5,74.4,97.2,0.74,1.36,0.92,78.0,55.2
2026-01-14,SEG06,503,18.09,38.8,8.2,4.3,13.1,70.7,97.1,0.73,1.59,0.44,61.1,66.4
2026-01-14,SEG07,499,19.64,36.6,7.6,3.2,9.6,98.5,94.1,1.26,0.8,0.48,73.2,63.8
2026-01-14,SEG08,820,19.44,40.6,11.0,7.4,11.3,54,96.2,1.4,2.23,1.1,82.7,48.1
2026-01-14,SEG09,297,18.82,28.1,6.9,1.2,9.5,98.5,97.8,0.53,0.47,0.25,44.2,83.5
2026-01-14,SEG10,410,20.38,41.8,9.7,5.5,13.0,60.4,95.3,1.4,2.09,0.48,83.3,56.8
2026-01-15,SEG01,1167,18.81,49.2,7.9,5.4,11.6,75.1,96.8,0.72,1.45,0.7,82.3,76.4
2026-01-15,SEG02,783,20.74,61.4,8.3,4.0,13.0,75.6,97.8,0.54,1.37,0.4,76.4,73.1
2026-01-15,SEG03,661,18.92,64.1,11.6,4.2,11.8,61.4,97.3,0.85,1.88,0.21,80.0,68.3
2026-01-15,SEG04,1133,17.66,43.1,10.5,5.8,12.2,54,95.6,1.33,2.26,0.6,87.5,60.2
2026-01-15,SEG05,626,18.93,40.2,7.3,6.1,10.5,84.0,96.5,0.75,1.0,0.72,75.8,67.2
2026-01-15,SEG06,478,19.31,39.6,8.5,5.2,14.1,61.0,97.6,0.92,1.81,0.71,69.9,57.7
2026-01-15,SEG07,604,21.53,29.4,8.9,2.6,11.0,90.7,94.7,1.05,1.15,0.52,71.1,63.8
2026-01-15,SEG08,1068,19.03,34.1,10.6,6.3,11.3,57.7,95.4,1.25,2.06,0.95,92.8,49.4
2026-01-15,SEG09,254,19.05,31.6,6.4,3.1,9.3,98.5,99.2,0.34,0.33,0.35,55.3,90.2
2026-01-15,SEG10,373,20.22,42.7,9.9,5.5,12.1,66.5,97.5,0.82,1.62,0.67,75.8,50.5
2026-01-16,SEG01,1053,17.84,44.9,9.6,4.9,10.8,76.7,98.0,0.54,1.3,0.37,87.8,70.5
2026-01-16,SEG02,742,21.19,54.4,8.1,5.1,10.2,85.0,96.2,0.75,1.06,0.63,84.1,67.5
2026-01-16,SEG03,816,16.72,72.7,11.2,3.7,10.4,73.6,96.8,0.75,1.37,0.37,81.4,59.2
2026-01-16,SEG04,1064,19.9,39.3,8.6,3.1,11.9,86.7,97.2,0.65,1.0,0.45,80.9,68.9
2026-01-16,SEG05,553,18.46,45.0,7.9,5.4,11.3,81.1,96.6,0.73,1.16,0.75,71.3,57.3
2026-01-16,SEG06,496,18.95,31.4,8.9,4.0,14.4,65.9,97.7,0.74,1.67,0.35,73.1,59.6
2026-01-16,SEG07,615,19.48,36.8,9.3,3.1,12.0,79.1,95.1,1.12,1.54,0.34,66.3,70.1
2026-01-16,SEG08,1026,17.63,32.5,11.9,6.9,9.4,60.9,94.9,1.43,2.16,1.06,94.4,53.2
2026-01-16,SEG09,311,16.64,23.7,6.1,2.0,9.7,98.5,98.1,0.5,0.45,0.36,53.3,79.7
2026-01-16,SEG10,423,18.63,41.1,8.4,5.2,11.9,74.1,95.7,0.99,1.6,0.63,77.9,58.8
2026-01-17,SEG01,846,19.24,44.6,8.5,4.5,11.5,81.4,96.6,0.78,1.16,0.53,84.2,66.6
2026-01-17,SEG02,529,17.97,52.3,9.7,4.5,11.9,68.3,98.0,0.61,1.65,0.42,76.5,77.1
2026-01-17,SEG03,478,18.75,67.4,11.1,4.3,11.8,65.0,95.5,1.21,1.89,0.36,81.0,62.7
2026-01-17,SEG04,721,17.45,35.2,9.9,3.2,10.7,82.5,94.7,1.13,1.51,0.26,86.8,66.1
2026-01-17,SEG05,461,19.89,43.0,7.1,6.8,9.2,87.3,96.8,0.64,1.01,0.97,76.5,64.1
2026-01-17,SEG06,422,18.49,49.3,7.8,4.4,14.3,72.1,96.5,0.97,1.43,0.4,66.6,62.5
2026-01-17,SEG07,489,19.48,32.3,7.9,4.8,10.0,91.6,94.8,1.03,1.01,0.44,57.4,70.0
2026-01-17,SEG08,595,19.54,37.6,11.6,5.4,11.5,57.9,95.6,1.33,2.18,0.72,93.8,56.8
2026-01-17,SEG09,214,18.21,37.5,6.2,3.5,9.4,98.5,97.5,0.6,0.51,0.37,58.0,72.6
2026-01-17,SEG10,319,17.68,47.6,9.3,5.5,12.0,68.8,97.2,0.85,1.57,0.7,78.6,66.4
2026-01-18,SEG01,775,19.87,49.3,9.0,2.1,9.4,98.5,97.4,0.71,0.44,0.36,80.2,63.6
2026-01-18,SEG02,539,20.36,53.1,7.4,2.5,11.0,98.5,97.6,0.55,0.5,0.33,82.1,70.3
2026-01-18,SEG03,643,18.66,60.9,10.4,4.5,11.8,66.7,96.0,1.05,1.73,0.35,76.5,63.9
2026-01-18,SEG04,755,18.9,40.2,9.2,6.2,9.5,72.5,97.6,0.6,1.34,0.96,85.1,58.1
2026-01-18,SEG05,468,17.36,44.2,8.3,7.8,12.1,59.3,97.2,1.03,1.87,1.28,73.5,49.8
2026-01-18,SEG06,397,19.6,39.0,9.3,4.0,13.7,62.6,96.1,1.04,1.99,0.27,65.7,64.6
2026-01-18,SEG07,456,21.43,29.3,9.4,2.2,9.5,98.5,94.7,1.09,0.85,0.28,75.6,63.7
2026-01-18,SEG08,673,19.5,32.7,11.9,5.8,10.3,59.9,96.2,1.14,1.91,0.71,88.1,53.4
2026-01-18,SEG09,202,19.12,26.2,7.2,1.2,9.2,98.1,98.6,0.39,0.42,0.18,52.9,86.2
2026-01-18,SEG10,342,19.87,42.4,9.1,5.7,13.4,59.3,96.4,1.17,2.02,0.77,82.5,64.6
2026-01-19,SEG01,1194,18.68,43.7,10.0,4.7,10.5,74.9,96.6,0.77,1.41,0.55,88.5,73.0
2026-01-19,SEG02,752,21.4,50.5,9.7,2.3,10.4,92.3,98.1,0.48,0.68,0.19,78.3,76.4
2026-01-19,SEG03,875,20.59,68.7,10.7,5.1,9.8,72.5,96.5,0.87,1.53,0.74,81.7,70.7
2026-01-19,SEG04,1149,19.03,42.2,10.9,4.8,10.7,67.6,96.8,0.85,1.79,0.65,82.3,61.0
2026-01-19,SEG05,658,19.36,41.3,8.7,7.1,9.0,75.2,97.3,0.65,1.41,0.96,69.9,57.1
2026-01-19,SEG06,469,19.62,38.8,8.3,4.4,14.3,65.6,97.3,0.85,1.71,0.61,70.6,71.7
2026-01-19,SEG07,567,21.71,31.3,9.3,2.8,12.6,77.2,95.8,0.96,1.35,0.31,71.1,65.8
2026-01-19,SEG08,850,18.27,37.1,13.6,5.4,12.9,54,96.2,1.53,2.22,0.69,96.9,60.0
2026-01-19,SEG09,330,19.92,23.7,5.9,1.7,7.9,98.5,99.1,0.39,0.41,0.48,49.0,79.5
2026-01-19,SEG10,429,19.01,41.9,9.3,5.8,12.4,57.7,97.0,0.96,2.01,0.71,82.7,50.9
2026-01-20,SEG01,1167,17.28,50.1,10.0,4.2,10.8,77.8,96.7,0.63,1.37,0.27,77.1,72.7
2026-01-20,SEG02,791,19.48,47.2,9.2,3.2,11.3,81.9,97.8,0.47,1.1,0.27,77.6,74.9
2026-01-20,SEG03,788,17.89,67.8,11.5,3.0,11.9,68.9,94.5,1.25,1.9,0.26,68.6,68.7
2026-01-20,SEG04,1158,21.09,36.7,10.0,6.8,12.5,54,94.6,1.56,2.48,0.98,86.0,50.9
2026-01-20,SEG05,598,18.4,47.7,9.3,6.7,11.3,69.2,99.4,0.48,1.38,0.84,76.8,61.6
2026-01-20,SEG06,475,20.18,42.7,9.3,3.9,12.5,73.5,96.7,0.73,1.39,0.5,71.4,63.9
2026-01-20,SEG07,642,20.51,25.3,7.9,2.5,11.8,90.5,95.8,0.9,1.0,0.18,72.6,52.6
2026-01-20,SEG08,830,17.05,38.3,12.0,7.0,11.3,54,96.8,1.34,2.17,0.88,93.5,54.9
2026-01-20,SEG09,310,21.81,30.5,7.2,3.9,10.0,97.8,97.9,0.53,0.53,0.2,43,87.7
2026-01-20,SEG10,452,19.2,44.2,7.7,5.8,11.3,80.2,95.5,0.91,1.43,0.55,83.1,59.7
2026-01-21,SEG01,1120,15.91,45.0,11.0,5.0,11.7,60.7,97.1,1.0,1.93,0.49,86.7,64.5
2026-01-21,SEG02,808,20.27,51.2,8.6,1.5,11.2,98.5,98.5,0.46,0.49,0.29,88.9,74.9
2026-01-21,SEG03,700,18.41,67.4,10.7,4.8,10.1,72.3,94.9,1.07,1.62,0.45,73.7,73.5
2026-01-21,SEG04,1184,19.36,37.0,11.6,5.5,10.3,63.1,96.2,1.12,1.82,0.83,94.0,57.9
2026-01-21,SEG05,625,19.35,41.3,8.6,5.6,10.4,81.4,96.0,0.86,1.27,0.71,70.4,62.8
2026-01-21,SEG06,457,17.19,34.9,9.5,4.7,13.2,62.0,97.1,0.96,1.9,0.43,62.7,57.4
2026-01-21,SEG07,554,21.47,33.0,8.6,2.6,8.9,98.0,94.8,1.1,0.9,0.32,62.4,59.2
2026-01-21,SEG08,881,17.56,37.7,11.4,5.7,10.6,60.7,96.1,1.14,2.02,0.56,99,54.9
2026-01-21,SEG09,254,17.63,32.5,6.7,3.4,8.9,98.5,98.9,0.35,0.42,0.57,52.5,84.1
2026-01-21,SEG10,463,18.93,40.9,9.8,5.9,12.6,59.9,95.7,1.33,2.01,0.63,79.1,59.4
2026-01-22,SEG01,1209,20.61,45.2,9.7,5.1,8.9,84.8,96.8,0.69,1.14,0.59,90.0,62.9
2026-01-22,SEG02,828,20.11,48.4,8.0,2.8,9.5,98.5,99.1,0.37,0.31,0.46,77.4,72.4
2026-01-22,SEG03,704,19.13,73.1,10.2,5.2,10.1,75.3,96.1,0.89,1.43,0.68,69.5,60.7
2026-01-22,SEG04,1069,18.66,39.9,10.4,5.0,11.0,69.0,95.8,1.12,1.76,0.65,80.8,63.2
2026-01-22,SEG05,555,18.42,42.6,7.4,6.4,9.8,81.9,98.4,0.47,1.02,0.82,80.5,54.0
2026-01-22,SEG06,512,19.95,42.6,8.4,2.9,14.0,77.1,98.0,0.54,1.21,0.32,70.7,70.6
2026-01-22,SEG07,529,17.35,29.0,8.2,3.2,10.8,92.1,93.9,1.23,1.2,0.23,68.1,65.2
2026-01-22,SEG08,1080,18.47,33.0,11.4,5.5,12.9,54,96.5,1.23,2.12,0.68,99,42.6
2026-01-22,SEG09,299,16.42,25.7,7.3,3.3,10.6,98.5,98.9,0.33,0.38,0.33,43.5,79.0
2026-01-22,SEG10,411,18.47,44.0,9.8,5.8,11.6,59.6,96.4,1.03,1.94,0.89,89.5,48.0
2026-01-23,SEG01,1151,19.65,47.5,9.0,4.9,11.0,79.2,96.7,0.74,1.29,0.49,83.5,77.7
2026-01-23,SEG02,857,22.77,51.7,9.2,1.7,9.8,98.5,99.1,0.31,0.42,0.27,85.8,70.8
2026-01-23,SEG03,855,19.34,67.0,10.0,4.2,12.2,74.0,97.3,0.82,1.38,0.27,71.1,75.7
2026-01-23,SEG04,1026,18.71,37.7,8.8,4.9,11.7,74.9,97.2,0.72,1.35,0.5,99,58.9
2026-01-23,SEG05,674,17.93,41.6,9.0,6.9,10.1,72.9,96.2,0.95,1.53,1.0,73.5,63.3
2026-01-23,SEG06,509,19.07,48.4,7.5,5.6,15.5,54.1,96.8,1.12,2.19,0.61,70.9,68.5
2026-01-23,SEG07,592,18.44,28.9,10.9,3.5,10.7,74.9,94.9,1.05,1.6,0.41,73.7,68.2
2026-01-23,SEG08,956,18.77,36.2,9.8,6.7,11.3,61.0,95.0,1.43,2.08,0.83,93.6,56.0
2026-01-23,SEG09,268,17.71,28.2,6.9,3.1,9.3,97.7,96.8,0.74,0.59,0.35,55.9,77.5
2026-01-23,SEG10,446,19.75,42.0,9.0,6.5,12.6,58.0,96.4,1.15,2.0,0.95,78.9,59.6
2026-01-24,SEG01,825,19.32,52.9,8.9,4.2,10.0,87.7,96.9,0.74,1.0,0.48,88.7,68.8
2026-01-24,SEG02,548,22.37,58.9,8.8,3.2,11.6,85.3,98.5,0.4,0.84,0.29,91.4,69.5
2026-01-24,SEG03,623,19.68,71.5,11.8,3.2,11.4,68.3,96.7,0.84,1.67,0.29,73.7,61.7
2026-01-24,SEG04,807,18.09,37.0,9.5,5.8,12.9,57.7,96.1,1.1,2.07,0.85,87.6,47.1
2026-01-24,SEG05,505,18.12,44.5,8.4,7.0,7.9,86.4,96.6,0.79,1.1,1.24,78.9,61.2
2026-01-24,SEG06,385,19.07,45.0,8.4,3.9,15.6,62.9,96.8,0.97,1.91,0.31,70.0,63.7
2026-01-24,SEG07,402,21.23,30.7,8.8,2.1,10.9,98.5,94.9,1.05,0.9,0.44,70.2,58.5
2026-01-24,SEG08,649,19.18,30.7,11.4,5.5,11.5,54.7,94.9,1.48,2.19,0.48,97.9,48.5
2026-01-24,SEG09,213,17.95,23.8,7.3,2.2,9.7,96.0,98.1,0.56,0.59,0.44,59.0,81.4
2026-01-24,SEG10,347,16.87,47.2,8.9,7.0,14.6,54,97.8,1.16,2.04,1.06,71.2,47.2
2026-01-25,SEG01,865,18.51,42.7,9.3,4.0,11.7,76.2,96.2,0.8,1.37,0.34,89.6,67.6
2026-01-25,SEG02,519,20.48,56.5,9.5,3.5,10.1,85.8,97.4,0.61,1.02,0.26,85.9,73.1
2026-01-25,SEG03,615,18.97,67.0,11.8,4.6,12.8,55.8,95.7,1.41,2.21,0.56,72.9,56.5
2026-01-25,SEG04,799,19.39,40.0,10.2,3.7,10.9,81.3,96.0,0.85,1.31,0.44,98.7,71.7
2026-01-25,SEG05,533,19.26,44.4,6.9,7.5,10.2,79.6,97.4,0.62,1.21,1.01,74.3,62.3
2026-01-25,SEG06,345,20.65,35.6,7.2,5.3,14.8,62.4,96.4,0.98,1.88,0.58,67.6,53.5
2026-01-25,SEG07,413,19.91,31.8,8.7,2.7,10.6,93.6,94.1,1.19,0.97,0.43,72.8,56.2
2026-01-25,SEG08,703,18.64,34.0,10.8,4.7,10.4,75.3,96.1,0.94,1.38,0.4,95.7,54.2
2026-01-25,SEG09,179,17.2,23.1,7.3,1.7,10.2,96.9,98.2,0.52,0.55,0.29,53.1,80.1
2026-01-25,SEG10,363,18.37,43.9,9.9,5.4,12.0,65.4,96.0,1.08,1.77,0.61,89.6,59.9
2026-01-26,SEG01,1156,16.0,47.5,9.2,4.9,9.2,87.6,96.8,0.74,0.96,0.51,94.5,68.9
2026-01-26,SEG02,755,19.76,56.2,9.5,5.1,9.8,80.6,97.8,0.56,1.1,0.66,80.6,67.6
2026-01-26,SEG03,859,17.5,61.5,10.3,3.5,13.1,63.5,97.1,0.78,1.82,0.32,78.8,63.7
2026-01-26,SEG04,1053,18.92,45.1,11.3,5.7,11.8,54,96.4,1.2,2.15,0.8,88.6,53.9
2026-01-26,SEG05,652,16.93,43.9,9.1,6.1,9.8,77.4,95.9,0.9,1.4,0.83,64.3,60.0
2026-01-26,SEG06,455,20.13,36.4,7.6,4.7,16.0,58.3,96.7,1.13,2.07,0.55,67.6,62.9
2026-01-26,SEG07,539,21.42,34.7,7.6,1.2,9.0,98.5,94.1,1.19,0.83,0.34,77.3,58.0
2026-01-26,SEG08,924,21.41,40.1,10.0,6.3,10.7,65.8,96.5,0.96,1.79,1.04,99,53.9
2026-01-26,SEG09,281,18.7,34.4,6.6,2.4,10.4,98.0,97.5,0.6,0.45,0.28,48.8,79.4
2026-01-26,SEG10,429,20.08,48.9,9.0,4.3,13.7,64.3,97.2,0.93,1.69,0.45,82.7,51.2
2026-01-27,SEG01,1151,20.05,46.0,9.2,3.6,14.1,67.9,96.0,1.12,1.8,0.26,99,59.5
2026-01-27,SEG02,783,21.85,48.4,7.6,2.8,8.4,98.5,98.0,0.53,0.41,0.29,83.8,76.6
2026-01-27,SEG03,797,19.56,67.4,12.7,2.7,11.4,68.1,95.8,1.07,1.75,0.35,74.9,61.4
2026-01-27,SEG04,1147,20.34,46.2,9.9,5.0,11.0,74.1,96.5,0.92,1.53,0.5,93.3,68.3
2026-01-27,SEG05,629,17.63,45.5,7.5,5.9,10.2,82.8,97.3,0.68,1.06,0.74,76.9,66.0
2026-01-27,SEG06,466,16.18,38.2,6.2,4.4,15.8,67.4,97.2,0.78,1.62,0.32,76.7,60.5
2026-01-27,SEG07,556,20.5,31.7,7.6,4.0,11.0,94.4,93.9,1.3,1.09,0.34,62.9,59.3
2026-01-27,SEG08,763,17.18,37.5,11.6,5.2,11.6,60.3,94.6,1.53,2.1,0.43,90.9,59.6
2026-01-27,SEG09,303,16.79,35.4,6.3,1.2,10.2,98.5,98.7,0.35,0.42,0.4,51.1,84.4
2026-01-27,SEG10,449,19.68,46.9,10.4,5.0,13.7,54.5,96.2,1.28,2.19,0.59,88.9,58.7
2026-01-28,SEG01,1178,20.11,49.5,10.3,4.8,13.0,60.0,97.4,0.97,1.88,0.59,88.4,66.7
2026-01-28,SEG02,903,22.19,56.3,8.6,1.8,9.8,96.2,98.3,0.42,0.54,0.33,77.2,76.1
2026-01-28,SEG03,895,19.07,71.7,10.0,3.7,9.7,88.0,96.0,0.97,0.97,0.39,76.7,69.1
2026-01-28,SEG04,1065,20.65,40.2,11.1,3.9,9.6,80.1,95.5,0.89,1.47,0.3,77.7,71.0
2026-01-28,SEG05,658,19.73,41.1,9.1,6.5,9.9,70.7,96.4,0.75,1.54,0.7,72.0,56.7
2026-01-28,SEG06,532,16.39,38.9,8.1,4.7,14.2,65.7,97.7,0.77,1.68,0.38,76.1,51.9
2026-01-28,SEG07,673,20.66,31.0,8.7,3.6,11.5,82.3,96.1,0.91,1.23,0.29,65.7,56.5
2026-01-28,SEG08,744,22.1,36.2,9.4,6.8,11.1,64.2,95.2,1.31,1.94,1.08,97.1,55.3
2026-01-28,SEG09,301,19.18,31.9,6.7,1.9,10.7,98.5,97.6,0.56,0.55,0.29,53.1,81.8
2026-01-28,SEG10,428,17.97,38.4,9.5,5.6,11.1,66.8,95.9,0.99,1.72,0.77,78.6,49.0
2026-01-29,SEG01,1076,19.57,42.7,9.3,3.6,11.2,83.4,96.8,0.77,1.11,0.22,92.0,65.5
2026-01-29,SEG02,687,19.5,50.0,6.9,2.0,12.3,98.5,97.8,0.53,0.46,0.38,79.0,74.2
2026-01-29,SEG03,784,16.46,68.4,10.1,3.6,11.9,71.4,95.1,1.11,1.74,0.19,67.3,75.4
2026-01-29,SEG04,924,19.84,39.3,9.9,6.1,9.6,76.6,96.4,0.78,1.49,0.88,99,65.6
2026-01-29,SEG05,594,18.48,46.7,10.2,7.2,11.3,55.3,97.6,1.04,2.09,0.83,73.3,52.5
2026-01-29,SEG06,503,17.8,41.2,8.1,5.4,15.9,54,97.9,1.12,2.05,0.72,63.8,69.5
2026-01-29,SEG07,544,19.49,25.2,9.1,2.8,10.4,91.1,94.5,1.16,1.18,0.33,83.0,63.3
2026-01-29,SEG08,1075,20.17,33.2,11.5,5.6,11.4,56.3,95.6,1.37,2.15,0.77,93.2,54.8
2026-01-29,SEG09,316,21.1,28.9,7.1,3.6,8.4,98.5,96.9,0.61,0.55,0.39,44.4,79.5
2026-01-29,SEG10,538,19.37,48.0,9.2,5.4,12.0,66.8,95.4,1.17,1.83,0.66,85.9,59.0
2026-01-30,SEG01,1321,19.43,46.2,8.1,3.9,11.7,85.7,96.2,0.84,1.02,0.41,84.0,77.3
2026-01-30,SEG02,876,20.94,55.6,8.4,4.2,13.0,74.6,98.7,0.49,1.31,0.33,83.4,62.4
2026-01-30,SEG03,745,17.32,66.8,11.3,5.2,10.6,62.1,95.3,1.13,2.06,0.63,70.0,65.8
2026-01-30,SEG04,1043,17.15,39.5,11.0,4.1,11.5,69.3,96.3,1.05,1.64,0.32,97.3,61.3
2026-01-30,SEG05,674,18.72,50.5,7.9,6.6,8.7,87.3,99.0,0.36,0.68,0.86,68.3,64.1
2026-01-30,SEG06,458,17.24,38.8,8.0,5.7,12.9,66.9,97.4,0.89,1.66,0.77,73.7,57.9
2026-01-30,SEG07,565,20.43,26.7,9.5,3.4,9.6,92.9,94.0,1.25,0.9,0.31,69.7,64.2
2026-01-30,SEG08,944,19.18,41.5,12.2,6.0,12.7,54,95.1,1.68,2.22,0.72,92.9,55.8
2026-01-30,SEG09,284,18.08,29.6,6.8,3.3,9.7,98.5,97.4,0.6,0.46,0.35,59.4,81.4
2026-01-30,SEG10,412,18.57,42.6,9.4,5.9,11.1,70.7,95.8,0.96,1.69,0.77,79.7,52.5
2026-01-31,SEG01,737,18.87,47.1,10.3,5.8,10.4,63.8,97.4,0.76,1.67,0.76,79.8,67.7
2026-01-31,SEG02,562,23.02,56.8,10.0,3.0,10.0,88.7,96.7,0.76,0.92,0.32,87.3,74.4
2026-01-31,SEG03,636,18.92,62.1,10.9,3.8,10.2,78.1,96.6,0.76,1.3,0.24,77.0,65.6
2026-01-31,SEG04,696,16.76,46.3,9.5,4.4,12.3,70.2,96.7,0.88,1.55,0.7,87.6,64.3
2026-01-31,SEG05,520,19.36,45.9,9.8,6.9,10.2,65.3,95.8,1.13,1.95,1.09,65.0,57.1
2026-01-31,SEG06,356,18.17,39.6,8.0,5.1,13.0,74.1,98.3,0.61,1.25,0.69,77.0,59.6
2026-01-31,SEG07,491,18.8,33.0,6.7,1.5,10.4,98.5,95.3,1.0,0.76,0.41,64.3,63.0
2026-01-31,SEG08,638,17.97,34.7,12.0,4.1,10.3,71.3,95.0,1.14,1.81,0.36,94.6,50.4
2026-01-31,SEG09,236,18.21,20.1,7.7,1.6,10.4,98.3,98.5,0.38,0.33,0.43,61.1,85.0
2026-01-31,SEG10,342,17.39,38.7,9.9,4.5,11.2,73.9,96.2,0.95,1.5,0.43,81.6,57.4
2026-02-01,SEG01,825,18.23,54.3,10.1,2.2,10.3,92.3,95.7,0.95,0.88,0.27,79.2,67.3
2026-02-01,SEG02,561,20.09,48.7,8.3,4.6,10.4,84.5,97.4,0.62,0.93,0.63,70.4,75.6
2026-02-01,SEG03,697,19.58,70.2,11.7,5.3,9.8,68.8,95.6,1.14,1.77,0.42,79.9,71.4
2026-02-01,SEG04,715,17.59,39.3,9.0,5.2,10.4,78.3,94.1,1.27,1.51,0.54,90.6,70.4
2026-02-01,SEG05,493,18.59,52.3,7.6,6.7,9.0,86.4,97.2,0.65,1.03,0.85,76.8,59.9
2026-02-01,SEG06,355,18.79,46.1,8.1,4.0,12.5,79.8,97.9,0.52,1.14,0.27,68.7,70.7
2026-02-01,SEG07,423,20.52,34.2,8.4,3.1,9.1,98.5,94.7,1.05,0.89,0.51,78.9,60.4
2026-02-01,SEG08,668,19.55,32.8,11.2,5.2,10.2,67.9,95.3,1.29,1.83,0.59,84.7,55.8
2026-02-01,SEG09,208,18.58,30.8,7.4,2.6,7.5,98.5,98.2,0.57,0.49,0.27,60.6,83.7
2026-02-01,SEG10,355,18.27,43.3,9.4,5.8,13.8,54,96.6,1.15,2.13,0.8,83.1,56.3
2026-02-02,SEG01,975,16.93,50.1,10.9,4.2,11.0,70.2,96.9,0.76,1.55,0.35,81.6,65.7
2026-02-02,SEG02,870,22.25,50.6,8.6,3.8,9.6,93.4,96.7,0.68,0.91,0.31,90.2,75.0
2026-02-02,SEG03,705,17.52,68.7,11.1,2.0,12.5,77.7,96.6,0.86,1.33,0.26,83.2,60.5
2026-02-02,SEG04,1146,19.69,44.3,11.3,4.5,10.3,71.7,95.4,1.1,1.5,0.3,85.4,61.8
2026-02-02,SEG05,606,17.56,40.1,6.8,5.7,11.2,85.7,96.0,0.81,1.05,0.64,75.1,66.1
2026-02-02,SEG06,485,17.58,37.4,8.4,3.4,13.8,76.7,96.9,0.89,1.42,0.38,69.2,60.1
2026-02-02,SEG07,584,17.05,24.9,9.4,4.1,8.5,93.7,94.0,1.21,1.15,0.43,64.6,60.3
2026-02-02,SEG08,777,17.62,38.6,12.3,5.2,13.9,54,95.6,1.58,2.28,0.58,99,58.9
2026-02-02,SEG09,282,20.44,23.9,5.5,2.3,10.8,98.5,98.3,0.43,0.45,0.26,55.6,79.4
2026-02-02,SEG10,439,18.38,45.2,7.7,5.2,10.4,86.0,96.9,0.63,1.08,0.57,92.3,61.6
2026-02-03,SEG01,1156,19.33,49.2,9.1,3.5,10.1,87.7,97.6,0.55,0.86,0.45,85.9,71.1
2026-02-03,SEG02,780,19.86,50.7,8.3,2.9,9.5,98.5,97.1,0.65,0.55,0.3,87.9,78.4
2026-02-03,SEG03,738,21.76,67.4,11.1,3.1,10.2,79.1,95.3,1.11,1.53,0.39,77.2,64.0
2026-02-03,SEG04,984,18.2,41.4,10.2,5.1,11.5,69.9,94.8,1.32,1.91,0.51,88.4,70.5
2026-02-03,SEG05,586,19.21,43.7,7.6,6.7,10.4,77.0,96.5,0.77,1.35,0.95,76.4,67.0
2026-02-03,SEG06,534,18.33,36.5,7.8,4.8,13.3,72.5,97.9,0.6,1.37,0.61,72.3,67.7
2026-02-03,SEG07,583,20.06,29.5,8.6,4.5,10.4,85.5,94.3,1.19,1.17,0.56,59.9,56.3
2026-02-03,SEG08,912,17.27,35.8,10.9,6.9,11.0,57.1,95.6,1.46,2.09,0.95,94.1,50.3
2026-02-03,SEG09,295,18.59,29.5,8.0,2.1,9.2,98.3,99.3,0.24,0.33,0.21,53.9,74.0
2026-02-03,SEG10,456,17.01,42.7,9.1,4.8,12.7,71.8,96.6,0.97,1.59,0.59,83.9,60.2
2026-02-04,SEG01,1144,16.93,51.2,8.9,4.7,11.0,79.4,96.8,0.75,1.25,0.42,91.8,70.2
2026-02-04,SEG02,692,20.81,50.4,8.8,2.3,9.3,98.5,99.4,0.15,0.39,0.27,80.8,75.0
2026-02-04,SEG03,864,19.02,66.7,11.3,4.9,9.0,79.9,95.9,0.88,1.4,0.55,78.3,65.7
2026-02-04,SEG04,1009,18.53,37.1,10.1,7.0,11.2,61.0,96.2,1.19,1.93,1.11,84.9,57.0
2026-02-04,SEG05,636,17.47,45.1,7.5,5.4,10.5,81.5,97.5,0.55,1.01,0.75,87.7,63.4
2026-02-04,SEG06,519,18.5,40.8,8.2,4.7,12.9,68.4,97.0,0.75,1.67,0.49,61.7,67.1
2026-02-04,SEG07,636,20.21,32.9,9.1,3.3,9.4,94.3,94.2,1.22,1.01,0.28,68.7,66.7
2026-02-04,SEG08,771,17.75,33.8,11.2,6.2,12.2,54,94.0,1.71,2.47,0.78,99,44.3
2026-02-04,SEG09,311,21.79,28.7,7.1,1.2,9.0,98.3,99.3,0.24,0.39,0.2,56.7,87.8
2026-02-04,SEG10,466,18.52,38.0,8.8,5.1,11.0,79.7,96.5,0.78,1.38,0.73,83.9,70.2
2026-02-05,SEG01,1213,18.59,53.6,8.5,4.8,9.0,94.1,98.3,0.42,0.52,0.46,87.0,63.6
2026-02-05,SEG02,785,20.22,52.3,9.0,2.5,10.5,94.3,98.6,0.44,0.47,0.43,81.3,73.7
2026-02-05,SEG03,815,17.73,68.9,10.9,5.6,11.1,61.4,95.9,1.29,1.95,0.52,76.5,61.1
2026-02-05,SEG04,1025,17.74,38.9,10.1,5.5,11.9,62.9,95.9,1.21,1.92,0.77,99,64.6
2026-02-05,SEG05,634,20.36,42.9,6.5,6.1,11.4,87.4,96.1,0.95,1.07,0.79,72.1,56.0
2026-02-05,SEG06,439,17.53,35.9,8.9,5.1,11.0,74.5,97.0,0.67,1.3,0.63,69.9,63.4
2026-02-05,SEG07,579,21.25,28.3,7.3,3.0,10.8,97.8,94.5,1.11,0.82,0.23,69.9,67.1
2026-02-05,SEG08,993,18.24,39.0,10.8,6.9,12.2,54,95.1,1.57,2.26,1.04,88.9,55.2
2026-02-05,SEG09,289,19.74,31.7,6.9,2.3,7.8,98.5,97.4,0.55,0.56,0.21,57.0,77.1
2026-02-05,SEG10,451,19.68,40.0,8.9,3.6,13.0,71.9,97.0,0.66,1.49,0.3,78.5,63.1
2026-02-06,SEG01,1073,18.14,51.3,9.2,4.6,10.5,84.1,96.2,0.81,1.11,0.34,85.7,64.7
2026-02-06,SEG02,722,20.3,46.4,8.4,2.9,12.8,82.9,97.0,0.69,1.02,0.33,80.3,75.0
2026-02-06,SEG03,847,17.33,64.7,9.7,3.8,11.7,74.1,97.0,0.67,1.44,0.34,79.9,67.1
2026-02-06,SEG04,1081,18.45,41.3,10.1,5.4,9.8,76.9,94.2,1.2,1.64,0.79,90.7,56.1
2026-02-06,SEG05,716,18.23,46.7,7.4,5.8,9.4,91.6,96.5,0.89,0.96,0.96,71.2,59.0
2026-02-06,SEG06,474,19.73,42.1,7.5,3.7,12.1,86.3,96.3,0.78,1.03,0.35,64.1,62.1
2026-02-06,SEG07,626,18.96,32.8,7.8,2.7,10.5,94.1,95.3,1.04,0.86,0.31,64.8,64.6
2026-02-06,SEG08,1153,16.88,30.3,9.6,6.8,12.4,55.8,94.7,1.53,2.24,0.93,85.0,60.1
2026-02-06,SEG09,341,18.97,26.1,6.9,2.8,10.8,98.5,98.2,0.44,0.5,0.3,64.1,81.4
2026-02-06,SEG10,421,17.87,42.4,9.8,5.4,13.7,54,97.1,1.14,2.18,0.76,87.4,52.4
2026-02-07,SEG01,844,18.74,49.2,9.2,5.2,11.7,70.0,97.3,0.75,1.48,0.68,90.4,69.9
2026-02-07,SEG02,581,20.27,45.2,8.3,3.4,11.3,90.3,97.0,0.58,0.82,0.45,84.1,69.9
2026-02-07,SEG03,631,17.15,68.3,11.1,3.8,11.9,64.6,95.2,1.25,1.86,0.12,73.1,63.7
2026-02-07,SEG04,765,19.58,45.0,9.3,5.5,11.8,68.0,96.7,0.89,1.73,0.54,86.2,52.9
2026-02-07,SEG05,499,18.92,38.3,7.8,8.2,10.3,68.8,97.5,0.71,1.55,1.38,74.3,52.8
2026-02-07,SEG06,398,20.45,28.5,8.6,5.7,14.3,58.0,97.4,0.97,1.88,0.58,53.8,57.1
2026-02-07,SEG07,462,18.85,26.5,8.0,3.1,9.8,98.5,94.6,1.04,0.9,0.4,74.7,61.7
2026-02-07,SEG08,781,18.31,40.7,12.0,6.9,11.2,54,94.6,1.74,2.36,1.02,96.2,50.5
2026-02-07,SEG09,221,17.66,30.6,8.5,3.9,9.1,97.9,99.4,0.24,0.37,0.4,49.2,77.8
2026-02-07,SEG10,355,19.65,48.1,10.2,6.0,11.9,61.0,97.9,0.84,1.85,0.72,74.2,62.7
2026-02-08,SEG01,871,19.77,49.2,10.8,4.9,11.6,63.7,95.3,1.14,1.97,0.52,93.1,69.6
2026-02-08,SEG02,591,21.51,47.0,8.2,2.8,8.8,97.4,98.5,0.35,0.47,0.36,84.3,65.3
2026-02-08,SEG03,615,21.35,70.5,11.5,4.0,9.3,79.1,95.9,0.83,1.44,0.32,77.1,73.1
2026-02-08,SEG04,624,19.76,42.2,10.6,5.2,11.0,63.5,96.6,1.02,1.82,0.61,92.3,54.6
2026-02-08,SEG05,511,17.93,45.8,8.6,6.2,11.0,74.1,97.2,0.79,1.38,0.86,75.9,63.4
2026-02-08,SEG06,416,18.54,44.6,8.8,4.4,13.0,68.4,97.4,0.73,1.5,0.43,62.4,63.6
2026-02-08,SEG07,395,22.21,29.8,8.0,1.2,12.0,98.5,94.3,1.09,0.9,0.3,63.7,68.8
2026-02-08,SEG08,601,20.53,35.6,10.9,3.6,10.5,71.4,95.5,0.93,1.7,0.31,89.8,57.4
2026-02-08,SEG09,228,16.98,23.3,8.4,2.7,8.8,98.5,99.0,0.33,0.32,0.43,49.2,77.4
2026-02-08,SEG10,279,18.46,38.4,8.5,4.5,13.7,69.2,96.7,0.87,1.61,0.55,83.5,54.6
2026-02-09,SEG01,1132,19.53,44.5,8.4,5.2,10.8,80.6,96.9,0.7,1.06,0.69,89.9,61.4
2026-02-09,SEG02,915,19.76,48.9,9.5,2.3,10.1,94.3,97.1,0.7,0.64,0.36,85.0,74.8
2026-02-09,SEG03,769,18.5,70.1,12.5,3.2,11.8,63.7,96.2,1.18,1.89,0.49,76.5,54.1
2026-02-09,SEG04,1042,19.79,42.1,9.9,4.2,10.7,79.7,95.9,0.87,1.37,0.34,94.9,70.6
2026-02-09,SEG05,644,18.27,46.5,8.3,5.5,9.4,87.6,96.8,0.7,0.88,0.69,68.8,56.6
2026-02-09,SEG06,549,14.74,35.2,8.3,4.3,11.2,86.0,97.3,0.62,1.03,0.32,69.8,58.5
2026-02-09,SEG07,591,20.64,30.3,8.3,4.4,12.1,80.8,94.4,1.24,1.54,0.28,76.3,58.3
2026-02-09,SEG08,812,19.03,37.5,10.7,5.6,13.5,54,95.5,1.39,2.27,0.79,86.1,50.1
2026-02-09,SEG09,292,17.34,26.6,6.7,4.1,11.5,89.3,99.2,0.32,0.67,0.27,54.5,83.1
2026-02-09,SEG10,396,20.17,48.6,9.8,4.9,13.1,61.7,96.0,1.28,1.97,0.65,83.6,50.3
2026-02-10,SEG01,997,20.42,46.5,10.2,5.0,9.6,80.2,97.4,0.62,1.08,0.47,87.4,76.6
2026-02-10,SEG02,739,19.35,50.3,8.6,4.8,8.8,92.5,97.4,0.6,0.71,0.67,77.0,77.4
2026-02-10,SEG03,787,17.57,64.0,10.5,4.5,11.0,69.4,97.4,0.78,1.53,0.39,77.2,62.7
2026-02-10,SEG04,874,18.05,42.2,9.8,3.7,11.3,78.9,95.6,1.06,1.38,0.24,81.7,62.8
2026-02-10,SEG05,636,18.99,40.0,9.2,4.9,9.7,86.1,96.0,0.9,1.15,0.46,65.8,60.5
2026-02-10,SEG06,489,19.32,42.4,8.2,3.3,12.8,82.0,97.7,0.5,1.12,0.31,73.7,65.8
2026-02-10,SEG07,550,19.0,31.1,8.9,2.4,10.1,98.5,94.8,1.13,0.74,0.37,74.5,56.7
2026-02-10,SEG08,794,19.95,36.1,10.9,5.3,12.1,58.8,96.9,1.1,1.99,0.79,92.6,56.0
2026-02-10,SEG09,279,17.38,22.7,6.5,3.2,9.6,98.5,99.4,0.2,0.34,0.25,52.0,78.2
2026-02-10,SEG10,418,19.79,44.2,10.0,7.4,12.6,54,96.3,1.31,2.19,1.15,74.3,61.4
2026-02-11,SEG01,1273,18.16,46.4,9.8,3.3,12.0,72.1,97.4,0.58,1.42,0.4,99,71.4
2026-02-11,SEG02,943,19.27,45.4,8.1,2.6,10.5,98.5,98.7,0.44,0.43,0.19,83.2,70.3
2026-02-11,SEG03,768,18.48,67.0,11.4,3.9,12.3,60.2,96.0,1.05,1.96,0.47,73.7,64.7
2026-02-11,SEG04,1052,20.53,43.0,8.6,4.1,12.1,78.2,96.7,0.74,1.21,0.49,91.4,69.8
2026-02-11,SEG05,563,17.77,46.5,8.7,6.3,10.3,75.4,95.1,1.08,1.61,0.83,70.7,58.0
2026-02-11,SEG06,481,17.48,43.2,9.7,4.1,14.8,55.8,98.7,0.77,1.88,0.39,68.7,60.7
2026-02-11,SEG07,487,19.99,27.1,7.9,3.2,9.8,98.2,94.9,1.03,0.69,0.36,74.2,65.2
2026-02-11,SEG08,904,16.89,30.4,11.7,4.6,13.5,54,95.2,1.52,2.27,0.44,84.9,56.5
2026-02-11,SEG09,289,18.72,28.9,7.5,2.4,9.3,98.5,98.0,0.59,0.36,0.45,64.1,85.2
2026-02-11,SEG10,439,18.94,47.3,9.1,5.1,12.5,67.7,95.1,1.23,1.81,0.7,84.6,60.1
2026-02-12,SEG01,972,19.21,46.2,10.7,2.2,11.5,81.9,96.2,0.79,1.24,0.37,95.4,64.6
2026-02-12,SEG02,741,20.28,43.3,9.3,3.6,10.7,87.9,96.6,0.77,0.96,0.39,77.1,77.4
2026-02-12,SEG03,834,18.22,67.8,10.8,4.5,11.1,67.6,95.2,1.13,1.86,0.42,73.9,61.4
2026-02-12,SEG04,1064,18.27,40.0,9.8,6.4,10.2,70.7,95.4,1.1,1.7,0.83,92.8,53.9
2026-02-12,SEG05,610,18.14,49.0,7.4,5.8,11.2,83.5,97.4,0.64,1.04,0.82,78.1,57.6
2026-02-12,SEG06,512,17.99,34.8,8.4,5.1,13.3,66.2,97.7,0.81,1.67,0.45,76.4,59.9
2026-02-12,SEG07,590,20.45,27.9,8.2,3.3,10.2,97.7,95.7,0.96,0.84,0.36,70.1,65.3
2026-02-12,SEG08,1013,19.4,36.9,11.0,5.4,13.7,54,94.8,1.65,2.33,0.66,92.0,50.4
2026-02-12,SEG09,292,20.35,30.7,6.9,1.2,8.6,97.3,99.0,0.34,0.29,0.25,53.5,86.5
2026-02-12,SEG10,453,21.12,46.7,8.7,5.4,11.2,74.1,95.5,1.03,1.58,0.41,88.9,53.0
2026-02-13,SEG01,1205,20.42,49.6,10.0,4.7,12.6,64.9,98.6,0.54,1.56,0.6,77.6,69.2
2026-02-13,SEG02,869,18.88,49.6,8.8,4.1,10.0,87.2,95.4,0.94,1.06,0.3,89.0,68.6
2026-02-13,SEG03,769,19.34,70.8,10.9,5.2,10.5,70.8,97.3,0.78,1.48,0.71,72.5,55.5
2026-02-13,SEG04,919,17.87,34.9,8.9,5.4,11.6,73.3,96.7,0.85,1.51,0.72,97.6,59.6
2026-02-13,SEG05,623,18.55,49.8,8.7,7.0,8.5,85.5,98.8,0.32,0.79,1.0,69.7,59.3
2026-02-13,SEG06,472,20.03,41.9,8.6,4.3,14.9,63.5,98.2,0.73,1.71,0.41,71.7,50.1
2026-02-13,SEG07,582,16.33,33.5,7.6,2.5,11.1,98.5,94.3,1.19,0.8,0.43,65.3,61.3
2026-02-13,SEG08,1117,17.97,39.8,11.0,6.0,11.7,57.0,94.8,1.47,2.16,0.68,96.8,57.2
2026-02-13,SEG09,294,18.3,26.3,8.6,1.2,10.7,96.1,98.0,0.55,0.52,0.52,50.9,84.0
2026-02-13,SEG10,394,20.69,43.4,10.0,4.4,14.5,54,97.6,1.06,2.08,0.3,73.7,56.7
2026-02-14,SEG01,723,21.22,50.3,8.9,3.8,11.6,79.9,96.6,0.74,1.16,0.26,94.8,82.9
2026-02-14,SEG02,514,20.32,51.7,6.8,2.9,11.0,95.2,97.7,0.57,0.63,0.36,79.8,71.9
2026-02-14,SEG03,588,17.35,66.4,10.1,4.3,11.9,73.5,96.2,1.05,1.41,0.48,76.5,56.8
2026-02-14,SEG04,830,20.0,38.0,9.4,5.7,10.6,72.8,95.9,0.93,1.49,0.54,97.9,58.0
2026-02-14,SEG05,407,18.06,42.2,7.7,7.1,10.4,76.6,95.5,1.07,1.47,1.03,72.3,65.2
2026-02-14,SEG06,308,18.57,42.2,7.8,3.6,13.5,76.2,97.3,0.7,1.33,0.28,67.4,65.2
2026-02-14,SEG07,490,21.34,34.3,10.0,3.9,10.9,77.4,93.7,1.17,1.68,0.37,67.0,67.0
2026-02-14,SEG08,670,20.92,41.0,11.5,5.0,11.4,62.3,94.7,1.47,2.1,0.47,89.3,51.8
2026-02-14,SEG09,224,21.32,25.7,7.6,1.2,10.1,98.5,98.8,0.34,0.35,0.4,64.1,87.1
2026-02-14,SEG10,332,17.76,45.5,9.3,5.9,13.9,56.3,97.8,0.98,2.04,0.81,80.4,59.4
2026-02-15,SEG01,706,19.43,41.6,9.4,4.8,11.7,75.5,96.4,0.98,1.51,0.38,79.7,63.2
2026-02-15,SEG02,576,18.75,55.8,9.9,3.4,10.6,85.3,97.4,0.64,0.91,0.46,77.1,79.3
2026-02-15,SEG03,569,18.25,68.2,11.6,3.5,9.8,74.6,96.0,0.88,1.45,0.24,68.3,62.7
2026-02-15,SEG04,720,17.47,37.1,9.4,4.7,10.0,79.9,96.7,0.76,1.2,0.62,96.2,67.5
2026-02-15,SEG05,433,20.2,43.3,8.1,6.6,11.3,74.0,98.1,0.56,1.3,0.89,74.6,52.9
2026-02-15,SEG06,350,18.11,41.5,8.3,5.5,13.2,66.5,97.2,0.97,1.65,0.72,71.4,60.3
2026-02-15,SEG07,442,21.09,27.2,9.8,2.5,10.1,94.7,95.9,0.9,0.83,0.42,75.0,65.5
2026-02-15,SEG08,660,18.34,36.0,9.9,5.8,12.7,58.1,95.7,1.26,2.1,0.95,96.1,56.5
2026-02-15,SEG09,234,17.79,28.2,8.6,1.5,9.5,98.5,98.8,0.33,0.4,0.25,55.1,78.0
2026-02-15,SEG10,350,18.11,40.1,9.4,5.9,11.0,68.8,98.3,0.57,1.43,0.91,85.0,58.1
2026-02-16,SEG01,1047,18.91,42.1,8.5,3.5,9.2,98.5,97.0,0.75,0.63,0.42,83.8,72.7
2026-02-16,SEG02,801,21.41,56.6,7.9,4.5,9.1,98.5,98.1,0.38,0.42,0.65,80.0,81.9
2026-02-16,SEG03,713,17.87,63.8,11.1,4.0,11.4,70.0,94.3,1.38,2.03,0.21,75.3,73.3
2026-02-16,SEG04,994,19.06,38.5,11.3,6.3,11.7,54,97.3,1.1,2.23,0.8,91.5,58.5
2026-02-16,SEG05,668,18.51,45.0,8.5,7.1,11.4,63.2,95.3,1.22,2.06,1.14,69.9,51.5
2026-02-16,SEG06,490,21.26,39.9,8.2,4.6,14.3,65.4,97.3,0.91,1.69,0.45,72.7,56.8
2026-02-16,SEG07,575,18.85,36.2,9.7,3.2,10.0,88.0,95.8,0.89,1.01,0.46,69.3,68.5
2026-02-16,SEG08,824,20.94,38.2,11.5,5.8,12.5,54,94.4,1.79,2.39,0.82,95.5,61.0
2026-02-16,SEG09,269,18.45,19.5,7.1,2.1,10.0,98.5,99.3,0.18,0.29,0.18,60.6,85.3
2026-02-16,SEG10,414,19.14,43.3,9.9,6.3,10.9,64.7,96.4,1.04,1.8,0.86,84.8,53.6
2026-02-17,SEG01,1039,18.44,39.1,10.3,6.7,11.3,58.8,96.0,1.23,2.08,0.92,85.9,63.7
2026-02-17,SEG02,804,22.06,49.4,8.9,4.9,10.4,78.7,98.7,0.41,1.12,0.56,93.3,74.9
2026-02-17,SEG03,904,20.9,64.0,10.3,3.4,8.8,93.0,95.0,1.04,0.98,0.46,80.0,74.3
2026-02-17,SEG04,963,18.71,43.5,10.5,6.5,12.4,54.6,96.5,1.29,2.19,0.96,99,50.9
2026-02-17,SEG05,565,18.45,44.2,6.6,6.4,10.4,82.7,97.6,0.61,1.02,0.88,71.2,64.1
2026-02-17,SEG06,453,18.63,34.4,5.9,5.6,13.5,73.8,97.4,0.65,1.38,0.73,67.3,60.3
2026-02-17,SEG07,573,19.73,32.2,8.4,2.5,10.1,97.8,95.3,0.97,0.71,0.37,75.2,60.3
2026-02-17,SEG08,795,20.96,38.2,11.6,5.2,9.0,72.9,95.4,1.02,1.66,0.57,96.7,55.5
2026-02-17,SEG09,299,17.22,26.8,7.3,1.3,8.5,98.5,96.8,0.73,0.52,0.35,52.1,88.6
2026-02-17,SEG10,435,20.21,38.4,8.9,5.7,13.1,65.1,97.0,0.99,1.73,0.71,83.2,65.3
2026-02-18,SEG01,1157,19.89,49.6,10.5,4.5,9.6,78.0,97.5,0.55,1.28,0.48,86.5,73.7
2026-02-18,SEG02,886,20.5,55.3,8.3,5.5,11.1,76.0,97.5,0.55,1.37,0.69,74.8,79.0
2026-02-18,SEG03,822,19.55,66.1,11.4,4.0,12.2,62.9,95.9,1.17,1.81,0.4,76.2,64.3
2026-02-18,SEG04,1070,19.03,38.4,9.3,3.9,12.9,71.4,95.2,1.12,1.74,0.37,83.0,61.1
2026-02-18,SEG05,535,19.49,46.2,8.6,6.3,11.0,70.2,96.4,0.87,1.54,0.87,69.7,62.3
2026-02-18,SEG06,449,18.33,37.8,9.1,5.0,13.1,65.9,99.2,0.6,1.38,0.59,72.6,58.6
2026-02-18,SEG07,608,20.76,29.3,9.5,2.7,9.1,95.0,95.8,0.87,0.75,0.44,79.8,63.6
2026-02-18,SEG08,1006,21.76,36.1,11.0,7.4,9.2,62.2,95.2,1.36,2.03,1.02,89.8,47.0
2026-02-18,SEG09,314,18.14,27.1,6.0,2.5,8.4,98.5,99.4,0.25,0.29,0.22,49.6,79.5
2026-02-18,SEG10,456,18.74,47.8,9.6,5.7,12.0,63.6,98.2,0.68,1.64,0.71,82.7,66.2
2026-02-19,SEG01,1119,19.68,42.6,8.9,6.0,8.6,86.3,97.3,0.7,0.98,0.83,92.1,75.1
2026-02-19,SEG02,883,18.79,46.7,8.4,3.0,10.1,96.4,96.5,0.76,0.64,0.16,84.2,73.5
2026-02-19,SEG03,803,20.06,65.6,10.9,2.4,11.5,75.8,96.7,0.82,1.45,0.29,80.7,73.5
2026-02-19,SEG04,1022,19.19,43.2,11.1,4.9,10.9,65.6,96.0,1.12,1.71,0.37,99,64.1
2026-02-19,SEG05,705,19.18,51.3,7.4,4.7,11.4,84.6,98.4,0.39,0.9,0.49,82.7,70.0
2026-02-19,SEG06,449,18.95,44.7,7.7,3.9,12.4,82.3,98.4,0.57,0.96,0.23,72.3,59.9
2026-02-19,SEG07,538,17.82,34.6,5.7,3.6,10.3,98.5,94.5,1.21,0.94,0.26,75.1,64.1
2026-02-19,SEG08,962,20.32,36.3,10.4,5.2,10.7,67.3,95.5,1.09,1.93,0.54,95.5,58.5
2026-02-19,SEG09,271,18.72,30.9,8.8,2.3,10.1,98.0,97.2,0.64,0.54,0.27,44.5,88.0
2026-02-19,SEG10,453,19.02,41.0,9.8,6.6,15.2,54,96.1,1.51,2.18,0.8,83.0,44.2
2026-02-20,SEG01,1007,17.35,49.6,10.8,4.3,10.7,73.7,96.4,0.85,1.35,0.48,85.3,56.8
2026-02-20,SEG02,763,20.62,52.5,7.7,2.9,11.4,92.5,97.0,0.64,0.81,0.29,83.8,69.9
2026-02-20,SEG03,802,18.74,65.7,10.6,2.6,11.3,77.5,96.9,0.75,1.39,0.31,67.1,56.3
2026-02-20,SEG04,1001,18.29,43.6,8.5,4.8,11.0,77.9,96.8,0.79,1.3,0.48,89.2,52.7
2026-02-20,SEG05,677,17.75,46.3,7.1,8.1,9.8,78.8,97.0,0.77,1.24,1.12,78.9,62.4
2026-02-20,SEG06,507,16.67,39.3,6.7,6.4,14.1,64.0,98.1,0.7,1.61,0.95,69.5,52.6
2026-02-20,SEG07,623,19.19,27.5,9.7,2.0,8.9,98.5,95.7,0.91,0.71,0.54,65.8,56.0
2026-02-20,SEG08,1101,17.96,34.8,11.7,5.2,12.2,54,95.5,1.44,2.22,0.77,94.1,61.1
2026-02-20,SEG09,292,15.62,32.2,7.4,2.9,9.5,98.0,97.5,0.55,0.54,0.35,53.7,83.5
2026-02-20,SEG10,367,19.95,43.1,9.3,4.6,12.8,68.6,96.4,1.04,1.64,0.58,71.2,66.5
2026-02-21,SEG01,899,19.98,41.7,9.2,3.9,10.8,84.0,97.4,0.62,1.04,0.37,88.9,74.5
2026-02-21,SEG02,595,18.85,61.2,9.2,4.9,11.2,77.8,97.5,0.62,1.29,0.46,86.5,80.0
2026-02-21,SEG03,605,21.34,63.6,10.3,3.5,9.5,85.8,96.5,0.74,1.11,0.4,79.8,70.7
2026-02-21,SEG04,578,17.28,42.2,9.7,5.0,9.6,78.9,95.0,0.96,1.5,0.48,75.2,60.9
2026-02-21,SEG05,522,20.01,43.4,8.5,4.2,10.7,85.8,96.0,0.88,1.13,0.23,65.2,60.3
2026-02-21,SEG06,390,18.91,36.0,8.7,3.8,14.5,65.0,97.6,0.75,1.78,0.33,73.7,66.0
2026-02-21,SEG07,396,19.3,35.8,7.6,2.9,11.4,97.4,95.6,0.92,0.75,0.24,71.7,60.1
2026-02-21,SEG08,676,19.95,33.4,11.6,5.7,12.8,54,95.1,1.62,2.18,0.64,87.9,43.2
2026-02-21,SEG09,210,20.28,29.1,7.2,2.8,8.5,98.5,98.3,0.58,0.42,0.37,56.5,75.1
2026-02-21,SEG10,347,19.73,40.0,9.6,6.7,14.5,54,96.9,1.32,2.07,0.97,79.3,43.5
2026-02-22,SEG01,722,16.9,48.4,9.9,3.5,12.1,74.6,97.3,0.66,1.44,0.27,86.5,72.6
2026-02-22,SEG02,578,21.43,60.7,8.4,4.3,11.9,78.3,97.4,0.56,1.2,0.56,72.4,75.4
2026-02-22,SEG03,569,18.15,68.0,10.8,3.8,10.0,75.2,96.0,0.74,1.52,0.1,81.6,69.7
2026-02-22,SEG04,714,20.61,43.5,8.5,4.0,11.7,82.6,96.2,0.82,1.23,0.37,91.7,70.7
2026-02-22,SEG05,520,15.03,41.9,8.1,6.8,8.6,86.1,98.0,0.44,0.84,0.91,70.4,61.2
2026-02-22,SEG06,325,19.65,42.6,7.5,5.4,14.8,63.7,97.7,0.89,1.64,0.57,60.0,65.5
2026-02-22,SEG07,360,18.36,33.3,7.4,3.1,12.4,90.6,94.4,1.19,1.18,0.12,82.8,55.9
2026-02-22,SEG08,611,17.75,34.6,11.2,5.8,12.9,54,95.4,1.5,2.2,0.64,93.0,52.2
2026-02-22,SEG09,212,19.51,27.2,6.2,1.4,9.5,98.5,99.0,0.31,0.47,0.36,58.3,78.8
2026-02-22,SEG10,327,19.71,41.9,9.3,5.7,11.9,65.3,96.6,0.94,1.75,0.73,78.1,64.4
2026-02-23,SEG01,1100,19.12,53.2,10.2,5.8,10.8,65.3,96.5,0.95,1.82,0.89,86.0,60.9
2026-02-23,SEG02,726,18.76,52.3,8.1,2.8,7.5,98.5,98.2,0.45,0.46,0.36,85.3,75.8
2026-02-23,SEG03,853,18.57,68.8,10.1,4.8,12.5,57.8,96.5,0.97,2.06,0.66,66.5,66.1
2026-02-23,SEG04,1032,19.11,38.7,9.8,6.8,13.0,54,96.3,1.36,2.14,0.88,84.6,61.4
2026-02-23,SEG05,641,18.22,41.9,6.6,6.6,13.5,69.3,95.2,1.21,1.75,1.01,71.2,53.1
2026-02-23,SEG06,473,17.21,36.2,9.0,3.6,14.6,64.1,98.1,0.67,1.66,0.51,66.9,66.4
2026-02-23,SEG07,587,20.2,33.2,8.5,3.4,10.5,93.3,95.4,1.05,0.85,0.22,75.0,61.1
2026-02-23,SEG08,819,18.29,37.4,11.2,6.8,11.9,54,95.7,1.52,2.25,1.15,87.7,54.1
2026-02-23,SEG09,320,15.87,27.8,6.5,2.3,9.0,98.5,98.3,0.42,0.41,0.38,56.4,84.5
2026-02-23,SEG10,450,20.55,40.8,9.7,5.1,12.5,60.8,96.9,1.0,1.9,0.6,79.0,55.0
2026-02-24,SEG01,1206,17.71,46.8,9.5,5.4,10.4,75.0,97.2,0.67,1.49,0.73,83.4,61.8
2026-02-24,SEG02,805,22.55,52.8,9.8,1.9,10.6,93.2,96.4,0.83,0.77,0.29,81.0,81.9
2026-02-24,SEG03,769,18.66,65.0,11.7,3.8,10.8,71.2,95.6,1.17,1.53,0.41,67.7,68.5
2026-02-24,SEG04,1125,17.29,46.0,9.9,4.1,10.6,78.1,96.3,0.83,1.32,0.52,79.7,56.7
2026-02-24,SEG05,565,19.29,44.6,8.7,6.3,11.3,68.7,95.8,1.07,1.72,0.81,80.3,60.2
2026-02-24,SEG06,595,17.71,40.0,7.4,4.4,13.5,73.7,97.5,0.68,1.27,0.35,64.0,66.0
2026-02-24,SEG07,638,17.24,36.6,7.8,3.7,11.8,84.1,95.2,1.04,1.13,0.26,77.6,58.9
2026-02-24,SEG08,907,17.36,44.8,11.4,5.1,10.8,62.3,95.8,1.11,1.89,0.66,88.2,53.5
2026-02-24,SEG09,294,20.43,30.8,6.8,1.9,10.6,98.5,99.2,0.26,0.36,0.18,55.8,74.6
2026-02-24,SEG10,456,18.0,44.0,8.9,5.5,12.1,66.8,95.3,1.19,1.89,0.8,90.0,67.1
2026-02-25,SEG01,1084,17.93,49.8,8.7,4.8,9.8,88.9,96.3,0.81,0.98,0.49,96.8,66.9
2026-02-25,SEG02,823,20.9,50.6,10.4,3.1,10.6,81.7,98.6,0.43,0.95,0.24,80.4,77.1
2026-02-25,SEG03,828,18.06,71.9,10.1,5.2,10.9,70.1,95.1,1.25,1.69,0.57,76.4,64.8
2026-02-25,SEG04,979,19.6,41.0,10.1,5.5,10.7,75.1,96.7,0.95,1.45,0.61,85.0,59.4
2026-02-25,SEG05,618,20.95,42.2,8.2,8.0,9.2,72.8,95.9,0.96,1.53,1.14,75.3,63.2
2026-02-25,SEG06,468,16.76,44.8,8.7,5.1,11.9,70.0,97.3,0.74,1.53,0.47,67.0,59.3
2026-02-25,SEG07,531,20.83,30.6,9.0,4.6,8.6,93.2,96.5,0.72,0.8,0.72,66.6,62.1
2026-02-25,SEG08,1031,18.07,34.7,10.0,6.2,10.2,66.1,95.8,1.05,1.92,0.71,99,63.5
2026-02-25,SEG09,280,19.65,28.0,7.0,2.4,11.0,98.5,98.1,0.5,0.53,0.5,54.6,83.7
2026-02-25,SEG10,476,18.44,42.8,9.3,6.9,11.4,60.0,97.6,0.82,1.88,0.97,80.0,54.6
2026-02-26,SEG01,1151,17.61,47.3,8.6,3.6,11.2,85.4,96.9,0.65,0.99,0.45,85.7,72.0
2026-02-26,SEG02,705,20.91,48.1,7.5,3.2,9.6,98.5,96.9,0.65,0.52,0.49,73.2,66.4
2026-02-26,SEG03,780,18.5,67.1,11.2,3.4,9.5,85.4,95.6,1.02,1.19,0.46,71.6,68.8
2026-02-26,SEG04,1060,18.6,42.0,8.9,4.8,11.8,71.5,95.0,1.18,1.78,0.48,92.9,62.1
2026-02-26,SEG05,568,19.72,51.1,8.5,5.0,10.4,83.7,96.4,0.8,1.11,0.68,75.8,64.4
2026-02-26,SEG06,496,18.63,38.3,8.0,4.2,13.0,76.3,97.6,0.64,1.31,0.36,67.4,62.9
2026-02-26,SEG07,586,19.03,32.5,7.7,3.1,10.6,98.5,94.5,1.19,0.79,0.43,66.9,62.4
2026-02-26,SEG08,1250,20.2,30.5,12.3,4.4,11.6,60.5,95.4,1.39,2.05,0.35,91.3,57.2
2026-02-26,SEG09,267,19.6,30.3,6.9,3.2,10.5,98.5,99.3,0.23,0.26,0.38,63.9,78.5
2026-02-26,SEG10,441,17.48,41.1,9.4,5.7,10.4,74.9,96.8,0.74,1.45,0.81,82.4,63.6
2026-02-27,SEG01,1047,19.19,47.1,9.8,5.7,11.6,65.5,97.8,0.75,1.78,0.64,95.4,64.1
2026-02-27,SEG02,826,19.26,58.1,8.0,4.9,10.4,90.4,98.7,0.42,0.72,0.57,91.7,62.6
2026-02-27,SEG03,782,17.28,71.3,11.8,2.5,10.3,79.5,97.2,0.61,1.19,0.39,67.1,76.8
2026-02-27,SEG04,1094,20.65,36.6,9.0,6.4,11.0,65.3,96.1,1.01,1.75,0.97,99,60.1
2026-02-27,SEG05,589,18.6,39.5,7.5,5.9,10.9,79.0,96.3,0.78,1.32,0.83,69.0,59.6
2026-02-27,SEG06,491,18.98,39.0,8.2,5.8,14.7,55.7,98.5,0.73,1.93,0.76,73.2,68.4
2026-02-27,SEG07,637,18.79,31.1,7.7,3.4,10.5,95.6,96.4,0.85,0.73,0.53,81.1,56.3
2026-02-27,SEG08,1029,19.7,34.4,10.9,5.0,12.4,59.3,96.1,1.23,1.99,0.54,88.1,54.9
2026-02-27,SEG09,313,20.72,26.8,7.5,2.2,8.6,98.5,97.2,0.66,0.56,0.43,53.2,85.8
2026-02-27,SEG10,393,19.0,37.5,9.2,5.2,14.6,54,96.2,1.28,2.2,0.56,85.0,53.6
2026-02-28,SEG01,801,17.76,46.8,8.7,3.0,10.5,90.1,96.3,0.82,0.84,0.52,87.9,78.1
2026-02-28,SEG02,529,18.24,49.9,10.4,2.1,11.2,80.8,96.7,0.69,1.25,0.44,71.6,78.9
2026-02-28,SEG03,627,17.25,68.0,10.8,3.6,10.6,74.0,96.5,0.78,1.51,0.39,74.4,60.9
2026-02-28,SEG04,736,17.82,45.7,10.4,4.1,11.8,69.8,95.6,1.01,1.75,0.31,85.5,61.4
2026-02-28,SEG05,466,19.11,49.2,8.7,5.9,11.2,71.8,97.4,0.75,1.52,0.82,72.2,64.9
2026-02-28,SEG06,378,15.28,34.4,8.1,6.0,13.9,63.3,97.7,0.94,1.75,0.76,69.0,66.5
2026-02-28,SEG07,426,18.8,29.8,8.4,3.1,10.6,95.8,96.2,0.85,0.76,0.4,73.9,62.5
2026-02-28,SEG08,684,18.42,37.3,10.3,5.8,11.8,65.8,95.3,1.24,1.9,0.74,99,60.3
2026-02-28,SEG09,225,17.46,28.1,6.9,2.6,8.4,98.5,97.8,0.59,0.49,0.45,43.6,81.9
2026-02-28,SEG10,331,19.28,42.1,9.9,4.3,12.6,68.0,95.9,1.08,1.82,0.5,83.2,65.8
2026-03-01,SEG01,793,21.84,46.9,9.4,3.5,10.2,87.1,96.6,0.8,0.91,0.32,88.9,66.3
2026-03-01,SEG02,558,20.93,54.5,8.7,3.8,8.7,98.5,98.2,0.38,0.36,0.29,87.2,75.9
2026-03-01,SEG03,600,15.36,70.9,11.5,3.9,11.6,64.9,97.7,0.78,1.72,0.34,72.3,54.1
2026-03-01,SEG04,763,20.84,37.5,9.8,6.5,12.4,54.9,95.4,1.33,2.36,1.07,91.2,51.9
2026-03-01,SEG05,494,16.51,47.2,10.0,5.7,9.6,74.9,96.9,0.75,1.44,0.55,73.0,64.5
2026-03-01,SEG06,389,19.04,43.3,8.3,3.7,14.5,67.3,98.2,0.6,1.67,0.43,75.3,70.4
2026-03-01,SEG07,466,21.27,31.0,9.1,2.4,9.8,97.8,95.7,0.91,0.76,0.42,70.5,53.7
2026-03-01,SEG08,733,21.91,35.7,8.8,5.4,10.3,80.4,95.3,1.03,1.43,0.65,92.5,66.4
2026-03-01,SEG09,220,18.08,33.1,7.6,2.8,9.6,98.5,99.1,0.25,0.38,0.34,48.8,79.9
2026-03-01,SEG10,322,16.76,39.4,9.6,6.3,15.3,54,96.5,1.39,2.2,0.76,76.8,49.9
2026-03-02,SEG01,1318,20.32,50.7,9.6,4.5,10.8,78.7,97.9,0.55,1.14,0.47,92.9,71.6
2026-03-02,SEG02,704,20.04,50.9,8.3,4.2,11.7,80.9,97.5,0.66,1.08,0.32,87.8,82.1
2026-03-02,SEG03,849,20.51,66.4,10.9,3.4,10.9,74.7,97.3,0.66,1.39,0.4,72.0,68.7
2026-03-02,SEG04,1039,19.05,37.1,9.2,4.2,12.9,69.5,97.4,0.71,1.46,0.2,91.4,59.8
2026-03-02,SEG05,617,19.84,47.0,7.8,7.6,10.7,72.7,97.0,0.89,1.4,1.23,69.3,58.1
2026-03-02,SEG06,468,19.42,45.8,7.3,4.8,14.4,67.4,97.8,0.69,1.55,0.54,74.0,64.3
2026-03-02,SEG07,492,19.36,33.1,8.9,2.2,9.0,98.5,94.4,1.24,0.91,0.33,65.1,58.2
2026-03-02,SEG08,932,20.38,31.8,11.0,5.8,12.5,54,95.7,1.52,2.24,0.62,85.9,47.5
2026-03-02,SEG09,290,19.72,26.7,5.5,1.4,10.5,96.9,98.7,0.43,0.47,0.45,54.8,80.4
2026-03-02,SEG10,395,18.12,37.1,9.6,5.1,11.2,74.2,97.3,0.78,1.38,0.66,87.8,64.7
2026-03-03,SEG01,1118,19.16,44.9,9.5,3.8,11.2,80.1,96.3,0.77,1.29,0.29,96.3,69.6
2026-03-03,SEG02,741,19.11,47.3,9.3,3.9,9.1,92.2,97.4,0.66,0.72,0.37,79.3,76.2
2026-03-03,SEG03,745,21.29,69.3,10.7,4.1,9.9,75.9,94.2,1.32,1.72,0.28,76.9,62.2
2026-03-03,SEG04,1118,17.93,37.7,9.7,6.8,10.5,65.6,95.7,1.02,1.82,0.91,91.4,51.8
2026-03-03,SEG05,580,18.8,40.6,8.0,6.0,10.5,79.7,96.4,0.77,1.2,0.66,69.0,72.8
2026-03-03,SEG06,472,19.0,43.3,8.4,4.9,14.4,61.8,96.5,1.05,1.75,0.5,64.0,58.4
2026-03-03,SEG07,530,19.74,32.8,8.0,1.2,11.1,98.5,96.0,0.83,0.65,0.36,80.0,66.4
2026-03-03,SEG08,811,18.83,34.2,10.9,5.9,10.0,67.6,96.1,1.08,1.71,0.64,90.6,52.1
2026-03-03,SEG09,297,22.08,29.0,6.5,1.3,10.9,98.5,98.1,0.48,0.52,0.34,52.8,90.8
2026-03-03,SEG10,416,19.12,40.7,9.8,5.9,13.1,59.1,96.6,1.17,2.05,0.88,86.1,57.6
2026-03-04,SEG01,975,16.93,50.4,9.9,5.5,11.6,64.7,97.5,0.87,1.7,0.54,89.8,59.7
2026-03-04,SEG02,801,20.48,53.9,7.4,5.0,12.0,81.4,97.3,0.68,1.09,0.7,83.9,87.7
2026-03-04,SEG03,689,16.74,66.9,9.6,3.0,11.4,81.6,97.2,0.71,1.06,0.37,77.7,65.6
2026-03-04,SEG04,936,16.09,37.4,9.0,4.9,10.8,78.0,96.8,0.61,1.27,0.59,92.2,62.9
2026-03-04,SEG05,644,17.73,43.1,8.4,6.3,12.1,66.0,98.2,0.62,1.59,0.77,69.9,60.2
2026-03-04,SEG06,430,19.02,40.1,7.8,5.5,15.5,54.3,97.9,0.93,1.93,0.55,67.5,66.7
2026-03-04,SEG07,559,19.64,33.3,7.7,2.7,9.7,97.1,93.8,1.36,0.98,0.51,79.4,52.2
2026-03-04,SEG08,864,18.98,33.1,10.5,6.2,10.3,61.2,95.3,1.27,1.96,0.88,99,64.6
2026-03-04,SEG09,313,19.17,33.1,5.7,2.2,10.1,98.5,98.1,0.5,0.39,0.25,53.7,86.7
2026-03-04,SEG10,487,18.58,43.0,9.1,5.9,14.0,54,96.6,1.26,2.17,0.7,76.0,56.4
2026-03-05,SEG01,1154,18.52,51.7,10.4,3.8,11.1,74.2,97.9,0.52,1.31,0.25,83.8,67.7
2026-03-05,SEG02,743,18.2,54.2,10.3,3.4,11.6,77.7,97.7,0.58,1.29,0.26,93.2,64.2
2026-03-05,SEG03,723,19.73,62.8,10.8,1.7,9.9,94.4,96.7,0.7,0.84,0.2,84.6,49.2
2026-03-05,SEG04,1066,15.96,46.2,9.2,4.5,11.5,74.4,96.4,0.88,1.54,0.47,95.5,64.4
2026-03-05,SEG05,588,17.04,39.5,8.6,6.2,10.1,77.0,96.3,0.79,1.41,0.78,68.1,62.6
2026-03-05,SEG06,499,18.65,37.9,8.4,6.8,14.5,54,97.2,1.2,2.16,0.9,66.8,58.2
2026-03-05,SEG07,509,20.38,24.4,8.4,2.6,8.0,98.5,95.9,0.9,0.59,0.27,74.7,59.9
2026-03-05,SEG08,967,18.28,35.0,11.1,6.7,12.7,54,95.5,1.5,2.35,0.9,94.1,54.9
2026-03-05,SEG09,323,18.39,29.9,7.2,2.1,9.1,98.3,98.9,0.33,0.25,0.26,45.7,75.5
2026-03-05,SEG10,437,18.93,42.3,9.3,5.5,11.6,67.2,96.1,0.94,1.74,0.84,89.6,47.9
2026-03-06,SEG01,932,19.87,46.4,9.5,3.5,9.3,91.9,95.5,0.96,1.01,0.4,80.0,68.2
2026-03-06,SEG02,709,17.57,43.9,9.4,4.4,13.0,66.9,97.7,0.69,1.46,0.6,76.4,65.1
2026-03-06,SEG03,797,18.1,69.2,10.3,4.5,11.6,68.4,96.2,0.88,1.7,0.54,74.3,63.9
2026-03-06,SEG04,879,18.52,30.6,9.9,4.9,11.3,71.2,96.3,1.01,1.64,0.44,97.6,66.0
2026-03-06,SEG05,672,20.68,53.2,7.5,7.7,8.7,84.7,97.8,0.54,0.97,1.21,67.2,55.1
2026-03-06,SEG06,558,19.02,49.7,8.0,5.3,13.7,66.4,95.6,1.2,1.89,0.58,62.6,73.4
2026-03-06,SEG07,555,19.79,31.9,9.2,2.1,10.9,90.6,95.3,1.05,0.97,0.34,69.5,67.0
2026-03-06,SEG08,988,18.5,40.4,11.9,5.4,12.6,54,95.9,1.47,2.28,0.52,99,46.2
2026-03-06,SEG09,287,18.26,27.7,6.9,3.1,10.4,98.5,99.1,0.31,0.25,0.23,52.3,72.1
2026-03-06,SEG10,462,20.55,42.7,10.3,5.5,11.3,60.8,96.4,1.1,1.95,0.66,83.3,49.5
2026-03-07,SEG01,805,21.87,46.5,10.1,3.5,9.8,85.8,95.3,0.97,1.16,0.35,84.5,62.8
2026-03-07,SEG02,561,22.01,52.5,9.7,2.6,11.1,85.3,97.0,0.75,1.02,0.33,78.3,73.1
2026-03-07,SEG03,647,18.48,69.6,12.2,5.4,10.2,57.7,95.6,1.24,2.24,0.56,73.4,60.4
2026-03-07,SEG04,779,19.91,43.5,10.2,5.8,11.0,63.9,95.8,1.08,1.91,0.74,86.0,59.4
2026-03-07,SEG05,508,18.85,38.8,8.8,6.2,11.0,72.1,97.6,0.67,1.64,0.96,74.2,59.0
2026-03-07,SEG06,323,18.88,42.9,8.8,4.2,14.0,66.0,97.2,0.9,1.75,0.43,69.5,64.8
2026-03-07,SEG07,439,20.54,25.6,9.6,2.7,9.2,94.5,93.9,1.18,1.02,0.29,75.8,70.9
2026-03-07,SEG08,662,19.9,37.8,10.6,5.3,11.1,70.5,94.6,1.37,1.85,0.73,96.9,58.4
2026-03-07,SEG09,204,18.67,32.0,6.9,3.1,9.0,98.4,97.3,0.62,0.43,0.1,54.3,87.9
2026-03-07,SEG10,343,20.49,45.7,9.5,4.8,11.5,70.8,95.8,1.1,1.62,0.61,75.9,59.5
2026-03-08,SEG01,757,21.22,46.2,11.1,3.2,11.7,72.7,95.7,1.01,1.59,0.3,89.5,67.1
2026-03-08,SEG02,569,19.76,57.0,8.9,3.1,10.2,89.7,98.1,0.49,0.78,0.25,84.0,68.5
2026-03-08,SEG03,653,18.44,70.7,9.3,4.0,12.2,74.0,95.3,1.01,1.63,0.39,74.7,59.9
2026-03-08,SEG04,683,18.41,42.7,9.8,4.1,11.8,75.1,96.3,0.91,1.35,0.22,95.2,65.9
2026-03-08,SEG05,450,18.78,41.0,8.1,7.2,9.9,75.2,96.4,0.71,1.33,1.04,74.2,58.8
2026-03-08,SEG06,415,19.26,38.4,7.9,5.5,13.4,65.2,97.1,0.9,1.71,0.75,66.6,59.8
2026-03-08,SEG07,385,18.48,32.0,6.9,1.7,8.8,96.8,94.9,1.14,0.91,0.39,66.0,52.5
2026-03-08,SEG08,705,19.23,36.1,11.6,5.3,10.5,61.5,95.9,1.2,2.04,0.61,90.3,45.7
2026-03-08,SEG09,199,20.43,22.4,7.6,1.7,9.4,98.5,97.3,0.64,0.46,0.28,57.9,77.5
2026-03-08,SEG10,296,17.94,48.4,9.3,5.6,12.3,60.7,96.3,1.17,2.04,0.81,77.5,62.5
2026-03-09,SEG01,1074,19.61,53.3,7.5,4.2,10.5,95.3,96.3,0.87,0.76,0.35,85.8,65.7
2026-03-09,SEG02,818,21.88,44.1,9.1,3.5,10.2,89.0,97.6,0.52,0.82,0.38,82.6,78.7
2026-03-09,SEG03,844,17.94,69.3,9.7,5.9,10.5,70.5,96.6,0.96,1.51,0.78,65.7,67.4
2026-03-09,SEG04,1097,16.71,41.2,10.4,4.5,9.9,77.2,96.2,0.86,1.34,0.41,90.3,71.3
2026-03-09,SEG05,549,19.61,42.4,8.6,7.5,9.9,69.7,96.2,0.97,1.58,1.22,73.4,60.8
2026-03-09,SEG06,470,18.28,38.7,6.8,4.6,14.6,72.1,97.4,0.63,1.46,0.64,72.1,65.5
2026-03-09,SEG07,619,18.86,34.2,9.7,2.9,9.4,94.7,95.2,1.08,0.9,0.37,67.2,51.4
2026-03-09,SEG08,853,20.39,37.3,11.0,5.2,10.6,69.4,95.1,1.16,1.78,0.73,95.4,51.6
2026-03-09,SEG09,302,19.61,32.2,5.9,2.9,9.2,97.0,97.8,0.53,0.52,0.38,60.1,88.8
2026-03-09,SEG10,453,17.36,39.5,8.6,4.6,11.4,80.5,95.7,0.86,1.28,0.46,81.4,62.2
2026-03-10,SEG01,1050,20.77,48.7,10.6,5.2,11.3,66.2,97.6,0.8,1.63,0.48,83.0,63.9
2026-03-10,SEG02,809,21.67,56.2,9.1,2.3,10.6,95.6,97.5,0.56,0.53,0.47,73.2,74.8
2026-03-10,SEG03,715,17.44,67.6,10.9,4.3,12.8,59.5,96.3,1.07,2.01,0.37,65.7,51.4
2026-03-10,SEG04,955,17.27,40.3,8.5,5.2,10.2,82.9,97.3,0.61,1.13,0.7,88.5,59.0
2026-03-10,SEG05,631,17.49,49.0,9.0,7.5,10.2,65.2,95.6,1.11,1.98,1.08,70.1,73.9
2026-03-10,SEG06,416,20.63,39.0,8.5,4.7,13.5,65.7,97.0,0.9,1.78,0.46,66.8,57.6
2026-03-10,SEG07,554,21.3,38.2,7.1,3.2,10.5,98.5,93.8,1.25,0.87,0.28,70.2,67.8
2026-03-10,SEG08,833,18.63,32.3,12.5,6.1,13.2,54,94.4,1.96,2.44,0.69,86.6,47.4
2026-03-10,SEG09,315,18.24,28.6,7.3,2.2,9.6,98.5,98.2,0.44,0.43,0.36,54.2,82.2
2026-03-10,SEG10,487,20.09,39.3,10.0,4.9,13.0,59.3,96.9,1.0,1.87,0.37,72.1,54.2
2026-03-11,SEG01,1053,16.92,41.9,8.9,5.1,11.8,75.3,98.1,0.51,1.21,0.53,90.5,66.9
2026-03-11,SEG02,753,19.19,54.1,8.5,3.4,10.1,94.5,97.1,0.6,0.73,0.19,67.7,87.6
2026-03-11,SEG03,835,18.41,63.1,11.6,4.6,11.7,57.4,95.9,1.19,2.07,0.46,78.1,56.3
2026-03-11,SEG04,1203,19.51,46.9,11.7,5.0,11.7,58.2,95.6,1.31,2.17,0.55,91.6,63.6
2026-03-11,SEG05,635,18.21,42.2,7.1,5.0,11.0,87.8,96.2,0.81,1.08,0.68,67.4,61.2
2026-03-11,SEG06,439,18.22,40.6,8.7,6.4,12.4,60.1,96.9,0.96,1.84,0.89,66.7,66.8
2026-03-11,SEG07,595,20.31,30.2,8.7,3.4,8.6,98.5,93.6,1.36,0.89,0.36,75.2,57.9
2026-03-11,SEG08,815,15.89,35.0,11.0,4.6,12.5,58.1,95.6,1.27,2.17,0.43,95.1,57.4
2026-03-11,SEG09,298,17.94,33.6,6.0,2.5,7.5,98.5,97.6,0.62,0.5,0.31,62.9,84.9
2026-03-11,SEG10,415,19.75,42.8,10.4,6.4,12.4,54.8,95.3,1.44,2.35,1.03,84.3,53.2
2026-03-12,SEG01,1184,20.59,49.1,10.0,4.1,11.4,71.3,95.0,1.09,1.78,0.2,90.7,74.7
2026-03-12,SEG02,800,17.1,52.7,8.7,3.5,9.0,98.5,96.6,0.78,0.72,0.51,77.9,74.2
2026-03-12,SEG03,808,19.16,67.3,10.1,3.9,12.9,67.0,95.9,1.12,1.71,0.29,76.0,69.4
2026-03-12,SEG04,961,16.66,42.7,10.3,5.4,10.6,68.5,96.4,0.91,1.72,0.67,90.4,67.6
2026-03-12,SEG05,523,18.5,41.3,8.3,7.1,11.6,65.9,97.6,0.81,1.65,0.97,75.7,61.5
2026-03-12,SEG06,438,18.39,38.1,8.2,3.8,14.1,72.3,98.2,0.68,1.36,0.22,63.1,66.6
2026-03-12,SEG07,572,20.95,31.8,9.0,3.1,9.8,95.1,93.3,1.33,1.08,0.36,61.9,56.1
2026-03-12,SEG08,1107,18.31,37.2,10.6,6.7,10.4,62.7,94.7,1.41,2.02,0.84,99,46.3
2026-03-12,SEG09,311,19.12,29.3,5.8,3.6,9.4,98.5,97.3,0.68,0.5,0.26,50.7,84.3
2026-03-12,SEG10,403,20.59,34.0,9.1,5.4,10.9,71.2,96.7,0.75,1.5,0.7,85.5,57.2
2026-03-13,SEG01,1268,19.84,49.0,9.9,3.9,11.7,71.9,96.5,0.87,1.53,0.32,89.0,72.6
2026-03-13,SEG02,748,21.65,50.0,9.1,4.5,10.5,80.6,97.6,0.57,1.1,0.45,83.4,80.7
2026-03-13,SEG03,875,18.77,72.1,11.0,4.0,13.6,56.4,95.3,1.37,2.13,0.52,78.1,55.7
2026-03-13,SEG04,1280,19.03,44.7,8.8,3.3,11.2,82.5,95.2,0.94,1.34,0.27,93.4,54.1
2026-03-13,SEG05,583,19.53,43.7,7.4,7.2,8.7,86.1,95.6,0.92,1.21,1.1,71.2,58.9
2026-03-13,SEG06,499,18.97,41.6,7.8,4.7,12.9,73.3,98.6,0.52,1.24,0.45,68.0,65.7
2026-03-13,SEG07,597,17.98,28.4,8.7,3.8,8.8,98.5,94.7,1.12,0.89,0.42,63.4,66.5
2026-03-13,SEG08,1062,18.12,37.2,10.6,6.4,11.3,57.2,96.5,1.2,1.91,0.91,99,44.2
2026-03-13,SEG09,303,19.29,30.5,7.6,1.5,9.3,98.5,98.5,0.43,0.41,0.31,52.3,75.6
2026-03-13,SEG10,456,17.69,46.6,9.0,6.2,13.3,57.3,96.1,1.14,2.1,0.82,84.6,58.3
2026-03-14,SEG01,771,19.6,50.7,9.7,5.1,9.6,78.7,96.1,0.84,1.33,0.46,88.7,69.5
2026-03-14,SEG02,510,22.46,50.7,8.9,4.7,9.5,88.0,97.6,0.55,0.97,0.5,78.6,86.3
2026-03-14,SEG03,604,17.41,68.8,12.3,4.8,10.7,60.3,95.1,1.25,2.12,0.52,74.4,62.2
2026-03-14,SEG04,685,17.91,42.2,9.7,4.0,10.4,83.3,96.1,0.76,1.16,0.26,89.3,62.9
2026-03-14,SEG05,470,18.72,45.4,8.4,6.8,10.0,77.2,97.7,0.54,1.24,0.87,76.4,51.9
2026-03-14,SEG06,398,18.57,42.0,9.1,5.2,12.8,64.3,98.4,0.68,1.6,0.51,69.2,62.6
2026-03-14,SEG07,432,19.82,25.0,9.9,4.3,10.0,83.0,94.1,1.27,1.48,0.41,68.7,65.6
2026-03-14,SEG08,732,19.29,32.6,10.2,7.1,9.6,66.6,96.5,1.05,1.8,1.08,94.0,55.2
2026-03-14,SEG09,232,18.74,32.5,5.5,2.2,8.8,97.1,97.6,0.54,0.52,0.41,56.2,84.5
2026-03-14,SEG10,292,18.69,44.5,10.0,6.5,12.5,56.1,96.2,1.24,2.26,0.91,74.7,60.5
2026-03-15,SEG01,818,17.24,44.7,7.3,4.4,13.6,78.5,97.3,0.78,1.31,0.44,83.8,67.9
2026-03-15,SEG02,514,19.04,59.5,9.4,4.9,11.1,76.4,98.3,0.48,1.21,0.51,86.8,77.7
2026-03-15,SEG03,604,18.12,63.5,11.2,3.7,11.7,64.9,95.0,1.22,1.99,0.43,76.5,62.6
2026-03-15,SEG04,793,19.14,35.8,9.6,7.0,10.8,61.8,95.5,1.22,2.04,1.18,99,57.3
2026-03-15,SEG05,409,18.02,48.7,7.7,7.8,10.6,69.8,97.5,0.77,1.43,1.11,73.9,60.6
2026-03-15,SEG06,413,18.42,39.9,7.3,4.6,13.6,75.9,96.3,0.93,1.48,0.37,62.6,65.7
2026-03-15,SEG07,423,19.04,32.6,9.9,3.8,12.6,67.3,95.8,1.03,1.76,0.27,69.3,53.3
2026-03-15,SEG08,649,17.69,35.5,11.5,5.7,12.8,54,95.9,1.43,2.38,0.69,94.6,57.1
2026-03-15,SEG09,245,19.24,31.5,6.8,1.2,9.8,98.5,97.4,0.65,0.5,0.24,51.4,86.0
2026-03-15,SEG10,386,18.47,42.6,9.4,5.0,13.1,62.2,96.7,1.01,1.95,0.48,82.9,52.3
2026-03-16,SEG01,1041,18.81,50.5,9.0,4.1,13.7,60.3,96.7,0.99,1.88,0.44,85.0,63.4
2026-03-16,SEG02,779,22.71,50.8,6.9,2.9,10.0,98.5,97.2,0.63,0.51,0.15,71.9,80.9
2026-03-16,SEG03,796,19.3,76,10.4,5.2,11.0,69.5,97.9,0.76,1.51,0.8,79.2,61.7
2026-03-16,SEG04,1061,18.47,41.5,8.9,4.9,11.8,73.4,96.6,0.83,1.44,0.58,97.5,53.4
2026-03-16,SEG05,639,17.13,46.2,9.0,4.8,10.4,83.0,98.4,0.46,1.04,0.5,59.3,55.0
2026-03-16,SEG06,462,18.42,43.6,7.6,3.6,11.7,90.5,96.9,0.78,0.84,0.46,66.7,58.5
2026-03-16,SEG07,504,22.31,27.5,8.3,1.7,7.5,98.5,93.7,1.23,0.96,0.45,65.1,68.1
2026-03-16,SEG08,857,16.85,42.2,9.9,5.3,12.0,62.3,95.4,1.25,1.97,0.68,92.2,49.4
2026-03-16,SEG09,314,19.38,28.5,7.1,2.7,8.6,98.5,97.1,0.69,0.56,0.37,47.9,72.6
2026-03-16,SEG10,453,18.98,47.9,10.1,6.2,10.4,66.9,97.1,0.87,1.67,0.72,83.5,66.4
2026-03-17,SEG01,1129,18.84,46.0,9.5,4.6,10.0,82.3,97.7,0.55,0.94,0.5,92.6,60.8
2026-03-17,SEG02,831,18.69,54.5,8.5,2.9,9.8,98.5,96.9,0.72,0.54,0.3,79.2,67.6
2026-03-17,SEG03,750,19.03,73.9,10.2,5.5,11.0,66.2,96.9,0.9,1.65,0.77,69.3,77.5
2026-03-17,SEG04,1215,18.85,45.0,9.9,5.6,8.6,80.2,96.3,0.81,1.18,0.75,95.3,66.5
2026-03-17,SEG05,586,17.92,43.8,7.6,7.1,11.3,69.6,96.6,0.87,1.58,0.9,75.6,61.1
2026-03-17,SEG06,463,18.78,34.7,8.0,3.8,13.5,76.5,99.4,0.33,1.08,0.47,68.0,55.9
2026-03-17,SEG07,557,20.89,32.2,10.1,2.1,10.5,91.3,94.4,1.14,1.07,0.38,67.6,57.9
2026-03-17,SEG08,846,19.26,39.3,11.4,4.7,12.0,60.0,95.3,1.39,2.06,0.4,90.1,48.8
2026-03-17,SEG09,305,19.72,30.9,6.0,2.8,9.9,98.5,98.9,0.33,0.45,0.33,68.0,85.7
2026-03-17,SEG10,480,16.63,43.7,8.9,6.6,12.4,59.0,96.3,1.2,2.03,0.93,79.7,57.8
2026-03-18,SEG01,1089,20.7,46.7,10.8,2.2,11.7,79.9,96.7,0.73,1.24,0.27,92.8,70.7
2026-03-18,SEG02,762,22.19,54.3,10.4,5.4,9.2,80.1,97.3,0.57,1.19,0.63,88.5,68.0
2026-03-18,SEG03,789,19.96,68.0,10.7,3.2,12.1,68.8,96.7,0.78,1.75,0.33,86.4,64.4
2026-03-18,SEG04,1045,19.75,38.2,10.9,6.7,10.1,60.4,97.5,0.91,1.8,0.75,93.7,58.7
2026-03-18,SEG05,665,17.49,48.2,7.4,5.1,9.6,94.0,98.0,0.54,0.5,0.64,73.4,54.9
2026-03-18,SEG06,472,17.96,36.0,7.7,4.2,13.4,74.9,97.3,0.67,1.3,0.5,64.0,74.5
2026-03-18,SEG07,540,20.88,31.2,9.3,4.0,9.4,85.7,95.1,1.0,1.3,0.44,72.1,72.3
2026-03-18,SEG08,685,18.44,31.8,11.7,4.7,11.1,57.7,95.9,1.17,2.05,0.53,93.4,56.3
2026-03-18,SEG09,312,18.25,26.0,6.6,2.9,8.9,98.5,97.0,0.59,0.55,0.28,47.6,79.1
2026-03-18,SEG10,415,18.8,44.8,9.3,5.7,12.2,65.5,95.4,1.26,1.93,0.72,82.9,39.5
2026-03-19,SEG01,1118,18.11,50.1,8.9,4.8,12.1,71.2,96.2,0.99,1.52,0.33,94.5,73.9
2026-03-19,SEG02,808,17.47,51.0,8.8,3.2,10.6,89.3,96.8,0.75,0.99,0.31,87.4,74.1
2026-03-19,SEG03,796,19.86,67.5,11.4,2.9,10.4,78.6,95.7,0.95,1.44,0.43,70.2,66.3
2026-03-19,SEG04,1053,18.65,40.1,10.1,4.6,10.6,74.5,95.2,1.07,1.56,0.34,88.4,59.8
2026-03-19,SEG05,669,17.75,40.1,9.2,7.8,10.4,62.3,97.2,1.03,1.74,1.18,80.1,61.1
2026-03-19,SEG06,520,17.53,39.7,6.9,5.4,11.9,80.6,97.3,0.58,1.12,0.53,67.6,65.5
2026-03-19,SEG07,622,19.86,32.1,8.8,1.8,10.2,98.2,94.4,1.26,0.85,0.25,70.5,66.1
2026-03-19,SEG08,1071,16.72,39.4,11.7,5.0,11.4,62.8,95.2,1.29,2.0,0.65,90.1,46.3
2026-03-19,SEG09,271,19.12,27.9,6.5,3.1,9.4,98.5,97.7,0.58,0.49,0.38,49.3,86.2
2026-03-19,SEG10,466,18.97,43.3,9.2,6.7,13.6,54,96.4,1.31,2.14,0.81,97.0,60.7
2026-03-20,SEG01,1252,19.28,51.0,7.5,5.2,11.4,84.3,97.2,0.63,0.93,0.63,87.7,69.3
2026-03-20,SEG02,787,21.66,57.7,8.1,2.9,11.3,95.8,97.3,0.67,0.49,0.2,73.0,77.2
2026-03-20,SEG03,789,18.76,69.1,11.1,4.0,10.5,75.3,95.0,1.07,1.54,0.39,69.5,71.2
2026-03-20,SEG04,1069,18.22,32.6,10.3,5.6,9.3,78.6,96.3,0.84,1.35,0.67,90.2,64.2
2026-03-20,SEG05,672,18.85,48.6,8.2,5.0,10.6,84.6,97.4,0.69,1.06,0.66,68.8,62.7
2026-03-20,SEG06,480,17.67,37.7,7.5,6.3,15.6,54,97.9,0.95,2.06,0.87,68.7,56.1
2026-03-20,SEG07,592,19.48,39.5,7.9,2.6,7.9,98.5,95.2,0.94,0.65,0.23,77.8,59.4
2026-03-20,SEG08,951,21.39,32.8,10.5,5.5,11.3,65.3,95.6,1.24,1.83,0.57,96.0,54.1
2026-03-20,SEG09,276,19.45,31.2,6.6,1.2,8.2,98.1,98.5,0.36,0.42,0.55,62.8,76.7
2026-03-20,SEG10,435,18.33,43.4,9.7,6.8,11.6,57.9,95.6,1.29,2.17,0.91,79.2,50.4
2026-03-21,SEG01,780,17.66,45.4,9.5,3.5,10.6,86.6,98.4,0.4,0.87,0.56,84.5,68.2
2026-03-21,SEG02,639,20.33,48.5,10.6,3.9,9.3,84.2,98.8,0.35,0.92,0.44,73.6,74.2
2026-03-21,SEG03,680,18.36,69.6,12.5,4.2,11.3,57.2,97.4,0.93,1.97,0.39,78.4,66.1
2026-03-21,SEG04,743,20.2,45.7,9.7,5.5,11.3,70.7,95.5,1.08,1.78,0.52,83.9,56.7
2026-03-21,SEG05,494,18.47,36.4,7.5,5.2,9.6,96.4,96.7,0.74,0.73,0.61,71.9,57.4
2026-03-21,SEG06,335,19.87,36.7,8.9,5.3,15.7,54,97.7,1.11,2.09,0.57,59.0,53.1
2026-03-21,SEG07,473,19.22,41.7,8.7,2.6,10.2,96.1,94.3,1.2,0.95,0.27,65.3,59.3
2026-03-21,SEG08,659,18.95,38.5,11.2,5.2,11.8,57.2,96.4,1.14,2.13,0.54,91.0,47.7
2026-03-21,SEG09,221,19.7,29.4,7.0,1.2,9.6,98.5,98.7,0.38,0.36,0.39,58.8,78.5
2026-03-21,SEG10,338,20.78,45.3,9.9,5.5,12.1,64.7,97.4,0.83,1.72,0.8,95.4,53.5
2026-03-22,SEG01,813,19.87,50.4,9.0,4.2,11.1,83.5,95.6,0.93,1.17,0.51,77.4,68.6
2026-03-22,SEG02,518,19.46,52.9,8.0,4.3,9.7,91.9,98.9,0.35,0.64,0.33,79.6,78.0
2026-03-22,SEG03,595,18.86,66.4,9.7,4.0,10.7,78.6,95.7,0.91,1.28,0.31,81.7,68.8
2026-03-22,SEG04,730,19.17,38.9,9.7,5.8,10.0,75.0,95.6,0.99,1.61,0.79,96.4,66.4
2026-03-22,SEG05,495,19.82,46.6,8.2,6.8,11.6,70.9,98.3,0.67,1.43,1.05,64.9,57.6
2026-03-22,SEG06,374,14.91,38.3,6.8,4.1,11.7,90.6,97.6,0.65,0.8,0.37,75.0,62.1
2026-03-22,SEG07,442,20.25,37.5,8.4,3.6,13.3,74.4,94.5,1.21,1.68,0.39,71.2,64.1
2026-03-22,SEG08,629,19.23,42.4,12.1,6.7,13.3,54,95.2,1.72,2.28,0.78,96.4,52.2
2026-03-22,SEG09,216,17.89,27.4,6.9,1.6,7.5,98.5,98.7,0.3,0.35,0.32,51.1,85.2
2026-03-22,SEG10,349,17.37,44.1,9.4,7.1,12.4,54,96.6,1.2,2.11,1.14,91.0,53.0
2026-03-23,SEG01,922,19.29,44.8,10.0,3.6,9.2,91.4,97.1,0.7,0.84,0.36,91.4,63.8
2026-03-23,SEG02,730,21.82,50.5,9.3,4.3,10.7,80.8,97.8,0.54,0.97,0.35,79.0,67.4
2026-03-23,SEG03,799,17.58,73.1,11.0,4.3,11.1,70.2,96.6,0.9,1.62,0.46,84.0,58.8
2026-03-23,SEG04,1050,17.49,43.2,9.4,5.5,8.3,87.7,96.2,0.77,0.96,0.62,99,63.2
2026-03-23,SEG05,613,18.18,43.5,8.1,7.5,10.6,69.9,95.9,0.97,1.71,0.92,70.6,55.7
2026-03-23,SEG06,454,19.27,37.4,7.9,6.6,16.8,54,97.1,1.39,2.19,0.96,61.7,55.1
2026-03-23,SEG07,604,19.4,32.9,8.1,4.0,9.9,94.1,94.9,1.12,0.88,0.41,64.1,66.9
2026-03-23,SEG08,995,21.31,35.2,10.7,6.0,12.7,54,95.9,1.41,2.11,0.72,96.8,55.8
2026-03-23,SEG09,293,20.68,23.3,6.7,3.0,10.6,98.5,97.6,0.52,0.51,0.22,55.1,80.8
2026-03-23,SEG10,462,18.89,37.8,10.6,4.0,12.9,62.1,94.7,1.3,2.11,0.3,83.7,56.7
2026-03-24,SEG01,1213,18.86,45.1,10.6,4.6,10.4,75.3,96.4,0.89,1.51,0.67,92.2,65.0
2026-03-24,SEG02,800,16.26,53.9,7.6,3.8,9.8,97.8,99.2,0.28,0.43,0.42,84.7,71.6
2026-03-24,SEG03,890,17.02,69.0,9.8,3.2,12.1,77.7,95.7,0.91,1.34,0.27,75.7,68.7
2026-03-24,SEG04,1116,16.91,37.9,8.9,4.5,11.6,76.6,95.2,1.04,1.52,0.44,93.4,54.3
2026-03-24,SEG05,626,18.61,42.1,8.7,6.1,9.0,84.2,96.8,0.74,1.11,0.69,66.0,51.4
2026-03-24,SEG06,423,19.78,41.3,7.4,5.4,13.6,68.0,96.9,0.91,1.62,0.61,67.7,62.7
2026-03-24,SEG07,529,17.72,28.5,8.7,3.0,11.1,88.5,95.3,1.01,1.12,0.37,68.4,63.8
2026-03-24,SEG08,787,20.55,37.6,11.2,5.0,12.9,56.4,96.5,1.26,2.1,0.64,93.8,43.6
2026-03-24,SEG09,277,17.48,27.4,6.1,2.3,10.4,98.5,99.4,0.24,0.25,0.33,54.0,84.8
2026-03-24,SEG10,393,19.31,39.5,10.1,4.3,11.4,72.9,95.9,1.02,1.55,0.45,77.8,58.4
2026-03-25,SEG01,1141,16.9,44.9,9.5,3.3,12.1,78.4,96.0,0.8,1.42,0.33,86.0,77.0
2026-03-25,SEG02,659,20.27,51.4,8.0,3.8,8.3,97.0,97.7,0.5,0.49,0.34,84.2,69.9
2026-03-25,SEG03,849,19.82,74.6,10.5,4.2,9.5,80.0,95.6,0.93,1.42,0.42,73.1,70.7
2026-03-25,SEG04,1032,19.13,40.4,10.0,5.6,11.8,62.7,96.7,1.02,1.81,0.64,95.6,58.1
2026-03-25,SEG05,701,19.88,43.2,9.2,6.2,10.6,76.1,96.9,0.77,1.29,0.84,67.5,59.7
2026-03-25,SEG06,441,18.86,37.0,7.4,5.0,13.9,69.2,96.6,0.92,1.51,0.51,60.3,61.8
2026-03-25,SEG07,469,20.81,28.4,8.3,2.7,11.0,93.2,96.0,0.91,0.88,0.34,82.2,65.1
2026-03-25,SEG08,868,18.65,32.4,11.0,5.7,12.4,54,96.4,1.33,2.22,0.74,93.6,50.3
2026-03-25,SEG09,257,20.64,30.4,7.2,3.3,10.3,98.5,99.4,0.24,0.32,0.42,61.7,85.0
2026-03-25,SEG10,424,18.68,43.7,9.3,4.1,12.0,72.9,97.7,0.6,1.34,0.48,71.1,51.1
2026-03-26,SEG01,1118,19.51,47.0,9.8,4.6,10.7,76.1,98.2,0.44,1.22,0.46,89.8,78.1
2026-03-26,SEG02,828,20.86,48.0,8.5,2.7,12.1,88.2,97.4,0.65,0.83,0.32,72.8,74.4
2026-03-26,SEG03,783,18.23,65.9,11.3,3.8,12.0,66.3,94.9,1.19,1.96,0.31,67.7,62.0
2026-03-26,SEG04,1105,18.7,36.9,10.8,4.4,12.5,64.3,95.5,1.22,2.01,0.55,84.8,54.2
2026-03-26,SEG05,704,19.39,44.9,9.0,6.7,11.6,64.2,96.3,1.12,1.77,0.91,63.4,58.8
2026-03-26,SEG06,475,17.78,37.1,7.8,5.2,11.8,79.6,96.8,0.73,1.25,0.65,79.1,68.8
2026-03-26,SEG07,620,20.5,23.7,7.8,3.5,9.9,98.5,94.0,1.21,0.92,0.42,75.8,61.9
2026-03-26,SEG08,969,19.49,32.7,11.6,5.9,11.3,54,95.6,1.39,2.3,0.8,89.8,59.4
2026-03-26,SEG09,321,20.36,22.1,6.8,2.3,8.5,98.5,99.2,0.21,0.27,0.22,50.1,85.1
2026-03-26,SEG10,394,20.38,42.3,8.7,5.0,13.0,70.3,96.1,1.08,1.59,0.62,81.0,52.9
2026-03-27,SEG01,1077,21.79,48.3,9.9,4.6,9.7,78.8,96.5,0.69,1.3,0.44,91.5,61.3
2026-03-27,SEG02,765,18.97,54.5,9.2,3.4,10.8,88.8,96.5,0.78,0.92,0.51,78.5,66.0
2026-03-27,SEG03,857,18.38,66.4,10.1,2.4,11.1,89.4,95.3,1.08,1.17,0.41,77.1,68.5
2026-03-27,SEG04,1113,17.23,43.6,10.2,5.0,8.7,83.2,94.9,1.12,1.25,0.53,94.6,63.6
2026-03-27,SEG05,654,15.8,43.1,7.6,8.5,10.5,69.9,97.2,0.87,1.52,1.12,61.2,66.3
2026-03-27,SEG06,534,18.38,38.4,7.9,5.0,13.1,70.0,97.1,0.74,1.55,0.67,67.0,59.2
2026-03-27,SEG07,531,21.18,27.9,8.0,2.5,9.8,98.5,93.6,1.25,0.94,0.31,72.0,60.3
2026-03-27,SEG08,970,19.91,36.8,11.8,6.5,11.2,54,94.8,1.59,2.36,0.83,80.4,48.0
2026-03-27,SEG09,304,18.35,31.6,7.1,3.1,9.8,98.5,97.7,0.54,0.51,0.35,58.7,88.6
2026-03-27,SEG10,426,17.76,46.5,11.1,6.0,12.3,54,96.0,1.4,2.27,0.73,74.9,50.6
2026-03-28,SEG01,857,21.67,44.7,9.6,5.7,9.5,74.2,97.2,0.63,1.53,0.56,99,61.4
2026-03-28,SEG02,503,17.98,52.0,8.6,3.2,10.1,93.3,97.9,0.45,0.65,0.27,80.8,76.0
2026-03-28,SEG03,619,20.85,68.3,9.9,2.3,12.3,80.8,95.2,1.05,1.43,0.19,85.9,64.3
2026-03-28,SEG04,720,18.85,44.2,10.1,5.5,10.1,76.6,95.9,0.89,1.47,0.75,99,56.9
2026-03-28,SEG05,465,15.31,47.1,9.5,7.2,12.4,56.1,97.0,1.11,2.08,1.13,67.8,48.1
2026-03-28,SEG06,365,18.42,32.9,7.5,3.3,13.3,82.3,96.8,0.69,1.11,0.44,74.7,70.0
2026-03-28,SEG07,454,20.21,28.4,7.4,2.3,9.8,98.5,95.1,1.08,0.83,0.46,75.0,61.9
2026-03-28,SEG08,699,17.9,33.4,11.8,6.0,12.1,54,96.5,1.24,2.19,0.62,98.7,52.8
2026-03-28,SEG09,206,19.67,26.6,6.9,2.9,9.1,98.5,99.0,0.36,0.46,0.33,43,80.2
2026-03-28,SEG10,337,19.13,44.5,9.7,5.1,13.6,57.2,96.5,1.06,1.91,0.65,81.2,47.1
2026-03-29,SEG01,874,17.98,43.3,9.7,2.9,10.8,87.3,96.8,0.74,0.92,0.29,88.3,63.3
2026-03-29,SEG02,498,17.68,44.4,8.1,3.9,11.4,84.1,96.7,0.73,1.13,0.35,87.4,66.3
2026-03-29,SEG03,632,20.51,69.0,12.4,2.1,10.4,76.6,97.0,0.65,1.34,0.31,84.5,61.7
2026-03-29,SEG04,735,18.92,42.5,11.6,5.3,10.4,61.1,97.1,0.87,2.0,0.69,86.4,55.8
2026-03-29,SEG05,464,19.34,34.3,7.2,6.2,12.2,71.8,96.6,0.84,1.55,0.87,68.0,61.6
2026-03-29,SEG06,356,21.75,38.5,8.0,5.2,15.2,54.0,96.5,1.12,2.07,0.55,68.0,64.9
2026-03-29,SEG07,408,21.07,24.3,8.8,3.0,10.2,90.9,95.0,1.08,1.05,0.3,71.4,67.6
2026-03-29,SEG08,619,20.05,37.0,10.8,4.3,10.3,75.5,94.8,1.14,1.56,0.27,90.4,63.1
2026-03-29,SEG09,204,20.7,29.2,7.1,2.3,11.7,98.5,99.2,0.29,0.25,0.22,50.8,85.1
2026-03-29,SEG10,310,19.98,40.0,9.6,6.9,15.9,54,96.6,1.6,2.29,0.81,82.8,59.6
